filename,created_local,checkpoint,seed,shot_name,shot_prompt,location_name,location_prompt,resolved_source,face_detected,face_similarity_centroid,face_similarity_reference_mean,face_similarity_reference_max,path,prompt
2026-08-25_19-01-49_1148.png,2026-08-25T19:01:49,cyberrealisticXL_v100,3319667980839940638,Shots/Consensual Upskirt,"consensual staged low-angle fashion photograph of an adult woman knowingly posing above the camera, short pleated skirt framing a clear teasing glimpse of matching underwear",Locations/Indoor,"in a private dance studio with wall-to-wall mirrors, pale wood flooring, a simple barre, and diffused daylight from high windows",reconstructed,True,0.6953356266021729,0.5604232549667358,0.6518760919570923,D:\Fooocus\Fooocus\outputs\2026-08-25\2026-08-25_19-01-49_1148.png,"1girl, consensual staged low-angle fashion photograph of an adult woman knowingly posing above the camera, short pleated skirt framing a clear teasing glimpse of matching underwear, in a private dance studio with wall-to-wall mirrors, pale wood flooring, a simple barre, and diffused daylight from high windows"
2026-08-25_19-01-56_8351.png,2026-08-25T19:01:57,cyberrealisticXL_v100,3319667980839940639,Shots/Consensual Upskirt,"consensual staged low-angle fashion photograph of an adult woman knowingly posing above the camera, short pleated skirt framing a clear teasing glimpse of matching underwear",Locations/Indoor,"inside a luxurious penthouse living room overlooking glittering city lights through floor-to-ceiling windows, with sculptural furniture and dark polished stone",reconstructed,True,0.6669845581054688,0.537572979927063,0.626909077167511,D:\Fooocus\Fooocus\outputs\2026-08-25\2026-08-25_19-01-56_8351.png,"1girl, consensual staged low-angle fashion photograph of an adult woman knowingly posing above the camera, short pleated skirt framing a clear teasing glimpse of matching underwear, inside a luxurious penthouse living room overlooking glittering city lights through floor-to-ceiling windows, with sculptural furniture and dark polished stone"
2026-08-25_19-02-03_2293.png,2026-08-25T19:02:04,cyberrealisticXL_v100,3319667980839940640,Shots/Consensual Upskirt,"playful floor-level composition of an adult woman leaning toward the lens with direct eye contact, one hand holding the edge of her tiny skirt as underwear becomes visible",Locations/Indoor,"inside an elegant marble bathroom with a freestanding tub, tall mirrors, scattered candles, folded white towels, and soft steam in the air",reconstructed,True,0.7097848057746887,0.5720688104629517,0.6957610249519348,D:\Fooocus\Fooocus\outputs\2026-08-25\2026-08-25_19-02-03_2293.png,"1girl, playful floor-level composition of an adult woman leaning toward the lens with direct eye contact, one hand holding the edge of her tiny skirt as underwear becomes visible, inside an elegant marble bathroom with a freestanding tub, tall mirrors, scattered candles, folded white towels, and soft steam in the air"
2026-08-25_19-02-10_2092.png,2026-08-25T19:02:11,cyberrealisticXL_v100,3319667980839940641,Shots/Consensual Upskirt,"playful floor-level composition of an adult woman leaning toward the lens with direct eye contact, one hand holding the edge of her tiny skirt as underwear becomes visible",Locations/Indoor,"inside an airy sunlit bedroom with rumpled white linen, gauzy curtains, pale wood floors, and soft morning light pouring through tall windows",reconstructed,True,0.6152431964874268,0.4958707094192505,0.5549597144126892,D:\Fooocus\Fooocus\outputs\2026-08-25\2026-08-25_19-02-10_2092.png,"1girl, playful floor-level composition of an adult woman leaning toward the lens with direct eye contact, one hand holding the edge of her tiny skirt as underwear becomes visible, inside an airy sunlit bedroom with rumpled white linen, gauzy curtains, pale wood floors, and soft morning light pouring through tall windows"
2026-08-25_19-02-17_6658.png,2026-08-25T19:02:18,cyberrealisticXL_v100,3319667980839940642,Shots/Consensual Upskirt,"carefully staged under-skirt viewpoint with an adult woman lifting the hem slightly for the camera, thighs symmetrically framed and coordinated panties clearly visible",Locations/Indoor,"in a cozy late-night cafe beside a rain-streaked window, surrounded by warm pendant lights, dark wood tables, and soft street reflections",reconstructed,True,0.6759979128837585,0.544837474822998,0.6286096572875977,D:\Fooocus\Fooocus\outputs\2026-08-25\2026-08-25_19-02-17_6658.png,"1girl, carefully staged under-skirt viewpoint with an adult woman lifting the hem slightly for the camera, thighs symmetrically framed and coordinated panties clearly visible, in a cozy late-night cafe beside a rain-streaked window, surrounded by warm pendant lights, dark wood tables, and soft street reflections"
2026-08-25_19-02-24_6934.png,2026-08-25T19:02:25,cyberrealisticXL_v100,3319667980839940643,Shots/Consensual Upskirt,"carefully staged under-skirt viewpoint with an adult woman lifting the hem slightly for the camera, thighs symmetrically framed and coordinated panties clearly visible",Locations/Indoor,"in a sophisticated hotel suite with a velvet lounge chair, warm walnut furniture, cream bedding, and discreet golden bedside lamps",reconstructed,True,0.6748244762420654,0.5438917279243469,0.6370485424995422,D:\Fooocus\Fooocus\outputs\2026-08-25\2026-08-25_19-02-24_6934.png,"1girl, carefully staged under-skirt viewpoint with an adult woman lifting the hem slightly for the camera, thighs symmetrically framed and coordinated panties clearly visible, in a sophisticated hotel suite with a velvet lounge chair, warm walnut furniture, cream bedding, and discreet golden bedside lamps"
2026-08-25_19-02-32_5464.png,2026-08-25T19:02:32,cyberrealisticXL_v100,3319667980839940644,Shots/Consensual Upskirt,"consensual seated low-angle shot of an adult woman near the edge of a chair, legs crossed loosely as the short skirt shifts to reveal matching underwear",Locations/Indoor,"in a quiet private library lined with dark carved shelves, leather reading chairs, brass lamps, and ladders reaching toward the ceiling",reconstructed,True,0.6535851955413818,0.5267732739448547,0.5962329506874084,D:\Fooocus\Fooocus\outputs\2026-08-25\2026-08-25_19-02-32_5464.png,"1girl, consensual seated low-angle shot of an adult woman near the edge of a chair, legs crossed loosely as the short skirt shifts to reveal matching underwear, in a quiet private library lined with dark carved shelves, leather reading chairs, brass lamps, and ladders reaching toward the ceiling"
2026-08-25_19-02-39_4370.png,2026-08-25T19:02:40,cyberrealisticXL_v100,3319667980839940645,Shots/Consensual Upskirt,"consensual seated low-angle shot of an adult woman near the edge of a chair, legs crossed loosely as the short skirt shifts to reveal matching underwear",Locations/Indoor,"in a private vintage train compartment with deep red velvet seats, polished wood paneling, brass fixtures, and blurred countryside beyond the window",reconstructed,True,0.7466447353363037,0.6017770767211914,0.6908141374588013,D:\Fooocus\Fooocus\outputs\2026-08-25\2026-08-25_19-02-39_4370.png,"1girl, consensual seated low-angle shot of an adult woman near the edge of a chair, legs crossed loosely as the short skirt shifts to reveal matching underwear, in a private vintage train compartment with deep red velvet seats, polished wood paneling, brass fixtures, and blurred countryside beyond the window"
2026-08-25_19-02-46_1476.png,2026-08-25T19:02:47,cyberrealisticXL_v100,3319667980839940646,Shots/Consensual Upskirt,"dramatic full-body fashion composition from below an adult woman in a short skirt, one leg forward, confident expression visible, and underwear deliberately revealed",Locations/Indoor,"inside a luxurious penthouse living room overlooking glittering city lights through floor-to-ceiling windows, with sculptural furniture and dark polished stone",reconstructed,True,0.6312087774276733,0.5087384581565857,0.6120195388793945,D:\Fooocus\Fooocus\outputs\2026-08-25\2026-08-25_19-02-46_1476.png,"1girl, dramatic full-body fashion composition from below an adult woman in a short skirt, one leg forward, confident expression visible, and underwear deliberately revealed, inside a luxurious penthouse living room overlooking glittering city lights through floor-to-ceiling windows, with sculptural furniture and dark polished stone"
2026-08-25_19-02-53_6917.png,2026-08-25T19:02:54,cyberrealisticXL_v100,3319667980839940647,Shots/Consensual Upskirt,"dramatic full-body fashion composition from below an adult woman in a short skirt, one leg forward, confident expression visible, and underwear deliberately revealed",Locations/Indoor,"inside an ornate theater balcony with red velvet railings, gilded architectural details, crystal chandeliers, and the empty auditorium beyond",reconstructed,True,0.45729634165763855,0.3685694932937622,0.4795754849910736,D:\Fooocus\Fooocus\outputs\2026-08-25\2026-08-25_19-02-53_6917.png,"1girl, dramatic full-body fashion composition from below an adult woman in a short skirt, one leg forward, confident expression visible, and underwear deliberately revealed, inside an ornate theater balcony with red velvet railings, gilded architectural details, crystal chandeliers, and the empty auditorium beyond"
2026-08-25_19-03-00_6425.png,2026-08-25T19:03:01,cyberrealisticXL_v100,3319667980839940648,Shots/Consensual Upskirt,"staged reclining upskirt-style photograph of an adult woman with knees bent and skirt gathered naturally at the thighs, underwear visible in soft flattering light",Locations/Indoor,"inside a luxurious penthouse living room overlooking glittering city lights through floor-to-ceiling windows, with sculptural furniture and dark polished stone",reconstructed,True,0.5673075914382935,0.4572356939315796,0.5398679971694946,D:\Fooocus\Fooocus\outputs\2026-08-25\2026-08-25_19-03-00_6425.png,"1girl, staged reclining upskirt-style photograph of an adult woman with knees bent and skirt gathered naturally at the thighs, underwear visible in soft flattering light, inside a luxurious penthouse living room overlooking glittering city lights through floor-to-ceiling windows, with sculptural furniture and dark polished stone"
2026-08-25_19-03-08_2255.png,2026-08-25T19:03:08,cyberrealisticXL_v100,3319667980839940649,Shots/Consensual Upskirt,"staged reclining upskirt-style photograph of an adult woman with knees bent and skirt gathered naturally at the thighs, underwear visible in soft flattering light",Locations/Indoor,"in a quiet private library lined with dark carved shelves, leather reading chairs, brass lamps, and ladders reaching toward the ceiling",reconstructed,True,0.6949194073677063,0.5600877404212952,0.6711778044700623,D:\Fooocus\Fooocus\outputs\2026-08-25\2026-08-25_19-03-08_2255.png,"1girl, staged reclining upskirt-style photograph of an adult woman with knees bent and skirt gathered naturally at the thighs, underwear visible in soft flattering light, in a quiet private library lined with dark carved shelves, leather reading chairs, brass lamps, and ladders reaching toward the ceiling"
2026-08-25_19-03-15_1176.png,2026-08-25T19:03:15,cyberrealisticXL_v100,3319667980839940650,Shots/Consensual Upskirt,"playful upward camera angle capturing an adult woman twirling a tiny pleated skirt, moving fabric framing a brief clear glimpse of coordinated panties",Locations/Indoor,"inside a spacious modern loft with exposed brick, tall industrial windows, polished concrete floors, and distant city architecture",reconstructed,True,0.6902422308921814,0.5563180446624756,0.6560705900192261,D:\Fooocus\Fooocus\outputs\2026-08-25\2026-08-25_19-03-15_1176.png,"1girl, playful upward camera angle capturing an adult woman twirling a tiny pleated skirt, moving fabric framing a brief clear glimpse of coordinated panties, inside a spacious modern loft with exposed brick, tall industrial windows, polished concrete floors, and distant city architecture"
2026-08-25_19-03-22_6975.png,2026-08-25T19:03:22,cyberrealisticXL_v100,3319667980839940651,Shots/Consensual Upskirt,"playful upward camera angle capturing an adult woman twirling a tiny pleated skirt, moving fabric framing a brief clear glimpse of coordinated panties",Locations/Indoor,"inside an elegant marble bathroom with a freestanding tub, tall mirrors, scattered candles, folded white towels, and soft steam in the air",reconstructed,True,0.68357253074646,0.5509424209594727,0.6364235281944275,D:\Fooocus\Fooocus\outputs\2026-08-25\2026-08-25_19-03-22_6975.png,"1girl, playful upward camera angle capturing an adult woman twirling a tiny pleated skirt, moving fabric framing a brief clear glimpse of coordinated panties, inside an elegant marble bathroom with a freestanding tub, tall mirrors, scattered candles, folded white towels, and soft steam in the air"
2026-08-25_19-03-29_3460.png,2026-08-25T19:03:29,cyberrealisticXL_v100,3319667980839940652,Shots/Consensual Upskirt,"consensual over-the-knee viewpoint of an adult woman deliberately posing close to the lens, skirt hem high in the foreground and underwear visible beyond her thighs",Locations/Indoor,"inside a minimal professional photography studio with a seamless warm-gray backdrop, clean polished floor, and carefully arranged equipment out of frame",reconstructed,True,0.7488746643066406,0.6035742163658142,0.69817054271698,D:\Fooocus\Fooocus\outputs\2026-08-25\2026-08-25_19-03-29_3460.png,"1girl, consensual over-the-knee viewpoint of an adult woman deliberately posing close to the lens, skirt hem high in the foreground and underwear visible beyond her thighs, inside a minimal professional photography studio with a seamless warm-gray backdrop, clean polished floor, and carefully arranged equipment out of frame"
2026-08-25_19-03-36_4516.png,2026-08-25T19:03:37,cyberrealisticXL_v100,3319667980839940653,Shots/Consensual Upskirt,"consensual over-the-knee viewpoint of an adult woman deliberately posing close to the lens, skirt hem high in the foreground and underwear visible beyond her thighs",Locations/Indoor,"in a private dance studio with wall-to-wall mirrors, pale wood flooring, a simple barre, and diffused daylight from high windows",reconstructed,True,0.7122282981872559,0.5740383267402649,0.6562451124191284,D:\Fooocus\Fooocus\outputs\2026-08-25\2026-08-25_19-03-36_4516.png,"1girl, consensual over-the-knee viewpoint of an adult woman deliberately posing close to the lens, skirt hem high in the foreground and underwear visible beyond her thighs, in a private dance studio with wall-to-wall mirrors, pale wood flooring, a simple barre, and diffused daylight from high windows"
2026-08-25_19-03-43_5741.png,2026-08-25T19:03:44,cyberrealisticXL_v100,3319667980839940654,Shots/Consensual Upskirt,"floor-level photograph beneath a short plaid skirt, with an adult woman aware of the camera, looking down with a teasing smile as her panties show",Locations/Indoor,"inside a minimal professional photography studio with a seamless warm-gray backdrop, clean polished floor, and carefully arranged equipment out of frame",reconstructed,True,0.6690943241119385,0.5392734408378601,0.6381168365478516,D:\Fooocus\Fooocus\outputs\2026-08-25\2026-08-25_19-03-43_5741.png,"1girl, floor-level photograph beneath a short plaid skirt, with an adult woman aware of the camera, looking down with a teasing smile as her panties show, inside a minimal professional photography studio with a seamless warm-gray backdrop, clean polished floor, and carefully arranged equipment out of frame"
2026-08-25_19-03-50_7658.png,2026-08-25T19:03:51,cyberrealisticXL_v100,3319667980839940655,Shots/Consensual Upskirt,"floor-level photograph beneath a short plaid skirt, with an adult woman aware of the camera, looking down with a teasing smile as her panties show",Locations/Indoor,"in a quiet private library lined with dark carved shelves, leather reading chairs, brass lamps, and ladders reaching toward the ceiling",reconstructed,True,0.6851018667221069,0.552174985408783,0.6333455443382263,D:\Fooocus\Fooocus\outputs\2026-08-25\2026-08-25_19-03-50_7658.png,"1girl, floor-level photograph beneath a short plaid skirt, with an adult woman aware of the camera, looking down with a teasing smile as her panties show, in a quiet private library lined with dark carved shelves, leather reading chairs, brass lamps, and ladders reaching toward the ceiling"
2026-08-25_19-03-57_1973.png,2026-08-25T19:03:58,cyberrealisticXL_v100,3319667980839940656,Shots/Consensual Upskirt,"staged staircase upskirt-style fashion shot of an adult woman one step above the lens, looking back over her shoulder with underwear visible beneath the lifted skirt",Locations/Indoor,"inside an ornate theater balcony with red velvet railings, gilded architectural details, crystal chandeliers, and the empty auditorium beyond",reconstructed,True,0.635942816734314,0.5125539302825928,0.6086829900741577,D:\Fooocus\Fooocus\outputs\2026-08-25\2026-08-25_19-03-57_1973.png,"1girl, staged staircase upskirt-style fashion shot of an adult woman one step above the lens, looking back over her shoulder with underwear visible beneath the lifted skirt, inside an ornate theater balcony with red velvet railings, gilded architectural details, crystal chandeliers, and the empty auditorium beyond"
2026-08-25_19-04-04_5720.png,2026-08-25T19:04:05,cyberrealisticXL_v100,3319667980839940657,Shots/Consensual Upskirt,"staged staircase upskirt-style fashion shot of an adult woman one step above the lens, looking back over her shoulder with underwear visible beneath the lifted skirt",Locations/Indoor,"inside a minimal professional photography studio with a seamless warm-gray backdrop, clean polished floor, and carefully arranged equipment out of frame",reconstructed,True,0.7104668617248535,0.5726187229156494,0.6430083513259888,D:\Fooocus\Fooocus\outputs\2026-08-25\2026-08-25_19-04-04_5720.png,"1girl, staged staircase upskirt-style fashion shot of an adult woman one step above the lens, looking back over her shoulder with underwear visible beneath the lifted skirt, inside a minimal professional photography studio with a seamless warm-gray backdrop, clean polished floor, and carefully arranged equipment out of frame"
2026-08-25_19-04-11_4399.png,2026-08-25T19:04:12,cyberrealisticXL_v100,3319667980839940658,Shots/Consensual Upskirt,"teasing low-angle portrait of an adult woman holding both sides of her short skirt hem above the camera, direct playful eye contact and matching panties visible",Locations/Indoor,"inside a minimal professional photography studio with a seamless warm-gray backdrop, clean polished floor, and carefully arranged equipment out of frame",reconstructed,True,0.7012200355529785,0.5651658177375793,0.6369086503982544,D:\Fooocus\Fooocus\outputs\2026-08-25\2026-08-25_19-04-11_4399.png,"1girl, teasing low-angle portrait of an adult woman holding both sides of her short skirt hem above the camera, direct playful eye contact and matching panties visible, inside a minimal professional photography studio with a seamless warm-gray backdrop, clean polished floor, and carefully arranged equipment out of frame"
2026-08-25_19-04-18_1900.png,2026-08-25T19:04:19,cyberrealisticXL_v100,3319667980839940659,Shots/Consensual Upskirt,"teasing low-angle portrait of an adult woman holding both sides of her short skirt hem above the camera, direct playful eye contact and matching panties visible",Locations/Indoor,"in a quiet private library lined with dark carved shelves, leather reading chairs, brass lamps, and ladders reaching toward the ceiling",reconstructed,True,0.6439443826675415,0.51900315284729,0.6419036984443665,D:\Fooocus\Fooocus\outputs\2026-08-25\2026-08-25_19-04-18_1900.png,"1girl, teasing low-angle portrait of an adult woman holding both sides of her short skirt hem above the camera, direct playful eye contact and matching panties visible, in a quiet private library lined with dark carved shelves, leather reading chairs, brass lamps, and ladders reaching toward the ceiling"
2026-08-25_19-04-26_5863.png,2026-08-25T19:04:26,cyberrealisticXL_v100,3319667980839940660,Shots/Consensual Upskirt,"cinematic consensual upskirt-style composition of an adult woman posing above the lens beneath soft backlighting, skirt fabric glowing around a tasteful underwear reveal",Locations/Indoor,"in a sophisticated hotel suite with a velvet lounge chair, warm walnut furniture, cream bedding, and discreet golden bedside lamps",reconstructed,True,0.6779184937477112,0.5463854074478149,0.6732497215270996,D:\Fooocus\Fooocus\outputs\2026-08-25\2026-08-25_19-04-26_5863.png,"1girl, cinematic consensual upskirt-style composition of an adult woman posing above the lens beneath soft backlighting, skirt fabric glowing around a tasteful underwear reveal, in a sophisticated hotel suite with a velvet lounge chair, warm walnut furniture, cream bedding, and discreet golden bedside lamps"
2026-08-25_19-04-33_5745.png,2026-08-25T19:04:34,cyberrealisticXL_v100,3319667980839940661,Shots/Consensual Upskirt,"cinematic consensual upskirt-style composition of an adult woman posing above the lens beneath soft backlighting, skirt fabric glowing around a tasteful underwear reveal",Locations/Indoor,"in a private vintage train compartment with deep red velvet seats, polished wood paneling, brass fixtures, and blurred countryside beyond the window",reconstructed,True,0.6055605411529541,0.48806679248809814,0.5849776268005371,D:\Fooocus\Fooocus\outputs\2026-08-25\2026-08-25_19-04-33_5745.png,"1girl, cinematic consensual upskirt-style composition of an adult woman posing above the lens beneath soft backlighting, skirt fabric glowing around a tasteful underwear reveal, in a private vintage train compartment with deep red velvet seats, polished wood paneling, brass fixtures, and blurred countryside beyond the window"
2026-08-25_19-05-04_1148.png,2026-08-25T19:05:05,lifeIsGood_v1,3319667980839940638,Shots/Consensual Upskirt,"consensual staged low-angle fashion photograph of an adult woman knowingly posing above the camera, short pleated skirt framing a clear teasing glimpse of matching underwear",Locations/Indoor,"in a private dance studio with wall-to-wall mirrors, pale wood flooring, a simple barre, and diffused daylight from high windows",reconstructed,True,0.7159615755081177,0.5770472288131714,0.6646468043327332,D:\Fooocus\Fooocus\outputs\2026-08-25\2026-08-25_19-05-04_1148.png,"1girl, consensual staged low-angle fashion photograph of an adult woman knowingly posing above the camera, short pleated skirt framing a clear teasing glimpse of matching underwear, in a private dance studio with wall-to-wall mirrors, pale wood flooring, a simple barre, and diffused daylight from high windows"
2026-08-25_19-05-12_8351.png,2026-08-25T19:05:12,lifeIsGood_v1,3319667980839940639,Shots/Consensual Upskirt,"consensual staged low-angle fashion photograph of an adult woman knowingly posing above the camera, short pleated skirt framing a clear teasing glimpse of matching underwear",Locations/Indoor,"inside a luxurious penthouse living room overlooking glittering city lights through floor-to-ceiling windows, with sculptural furniture and dark polished stone",reconstructed,True,0.6758497357368469,0.5447180867195129,0.6516159772872925,D:\Fooocus\Fooocus\outputs\2026-08-25\2026-08-25_19-05-12_8351.png,"1girl, consensual staged low-angle fashion photograph of an adult woman knowingly posing above the camera, short pleated skirt framing a clear teasing glimpse of matching underwear, inside a luxurious penthouse living room overlooking glittering city lights through floor-to-ceiling windows, with sculptural furniture and dark polished stone"
2026-08-25_19-05-19_2293.png,2026-08-25T19:05:19,lifeIsGood_v1,3319667980839940640,Shots/Consensual Upskirt,"playful floor-level composition of an adult woman leaning toward the lens with direct eye contact, one hand holding the edge of her tiny skirt as underwear becomes visible",Locations/Indoor,"inside an elegant marble bathroom with a freestanding tub, tall mirrors, scattered candles, folded white towels, and soft steam in the air",reconstructed,True,0.7464473843574524,0.6016179919242859,0.6819026470184326,D:\Fooocus\Fooocus\outputs\2026-08-25\2026-08-25_19-05-19_2293.png,"1girl, playful floor-level composition of an adult woman leaning toward the lens with direct eye contact, one hand holding the edge of her tiny skirt as underwear becomes visible, inside an elegant marble bathroom with a freestanding tub, tall mirrors, scattered candles, folded white towels, and soft steam in the air"
2026-08-25_19-05-26_2092.png,2026-08-25T19:05:26,lifeIsGood_v1,3319667980839940641,Shots/Consensual Upskirt,"playful floor-level composition of an adult woman leaning toward the lens with direct eye contact, one hand holding the edge of her tiny skirt as underwear becomes visible",Locations/Indoor,"inside an airy sunlit bedroom with rumpled white linen, gauzy curtains, pale wood floors, and soft morning light pouring through tall windows",reconstructed,True,0.7104111909866333,0.572573721408844,0.6716346740722656,D:\Fooocus\Fooocus\outputs\2026-08-25\2026-08-25_19-05-26_2092.png,"1girl, playful floor-level composition of an adult woman leaning toward the lens with direct eye contact, one hand holding the edge of her tiny skirt as underwear becomes visible, inside an airy sunlit bedroom with rumpled white linen, gauzy curtains, pale wood floors, and soft morning light pouring through tall windows"
2026-08-25_19-05-33_6658.png,2026-08-25T19:05:33,lifeIsGood_v1,3319667980839940642,Shots/Consensual Upskirt,"carefully staged under-skirt viewpoint with an adult woman lifting the hem slightly for the camera, thighs symmetrically framed and coordinated panties clearly visible",Locations/Indoor,"in a cozy late-night cafe beside a rain-streaked window, surrounded by warm pendant lights, dark wood tables, and soft street reflections",reconstructed,True,0.7220001220703125,0.5819141268730164,0.6492545008659363,D:\Fooocus\Fooocus\outputs\2026-08-25\2026-08-25_19-05-33_6658.png,"1girl, carefully staged under-skirt viewpoint with an adult woman lifting the hem slightly for the camera, thighs symmetrically framed and coordinated panties clearly visible, in a cozy late-night cafe beside a rain-streaked window, surrounded by warm pendant lights, dark wood tables, and soft street reflections"
2026-08-25_19-05-40_6934.png,2026-08-25T19:05:40,lifeIsGood_v1,3319667980839940643,Shots/Consensual Upskirt,"carefully staged under-skirt viewpoint with an adult woman lifting the hem slightly for the camera, thighs symmetrically framed and coordinated panties clearly visible",Locations/Indoor,"in a sophisticated hotel suite with a velvet lounge chair, warm walnut furniture, cream bedding, and discreet golden bedside lamps",reconstructed,True,0.689512312412262,0.5557296276092529,0.6501451134681702,D:\Fooocus\Fooocus\outputs\2026-08-25\2026-08-25_19-05-40_6934.png,"1girl, carefully staged under-skirt viewpoint with an adult woman lifting the hem slightly for the camera, thighs symmetrically framed and coordinated panties clearly visible, in a sophisticated hotel suite with a velvet lounge chair, warm walnut furniture, cream bedding, and discreet golden bedside lamps"
2026-08-25_19-05-47_5464.png,2026-08-25T19:05:48,lifeIsGood_v1,3319667980839940644,Shots/Consensual Upskirt,"consensual seated low-angle shot of an adult woman near the edge of a chair, legs crossed loosely as the short skirt shifts to reveal matching underwear",Locations/Indoor,"in a quiet private library lined with dark carved shelves, leather reading chairs, brass lamps, and ladders reaching toward the ceiling",reconstructed,True,0.6664695143699646,0.5371577739715576,0.6424633264541626,D:\Fooocus\Fooocus\outputs\2026-08-25\2026-08-25_19-05-47_5464.png,"1girl, consensual seated low-angle shot of an adult woman near the edge of a chair, legs crossed loosely as the short skirt shifts to reveal matching underwear, in a quiet private library lined with dark carved shelves, leather reading chairs, brass lamps, and ladders reaching toward the ceiling"
2026-08-25_19-05-55_4370.png,2026-08-25T19:05:55,lifeIsGood_v1,3319667980839940645,Shots/Consensual Upskirt,"consensual seated low-angle shot of an adult woman near the edge of a chair, legs crossed loosely as the short skirt shifts to reveal matching underwear",Locations/Indoor,"in a private vintage train compartment with deep red velvet seats, polished wood paneling, brass fixtures, and blurred countryside beyond the window",reconstructed,True,0.6791039705276489,0.5473408699035645,0.6127679944038391,D:\Fooocus\Fooocus\outputs\2026-08-25\2026-08-25_19-05-55_4370.png,"1girl, consensual seated low-angle shot of an adult woman near the edge of a chair, legs crossed loosely as the short skirt shifts to reveal matching underwear, in a private vintage train compartment with deep red velvet seats, polished wood paneling, brass fixtures, and blurred countryside beyond the window"
2026-08-25_19-06-02_1476.png,2026-08-25T19:06:02,lifeIsGood_v1,3319667980839940646,Shots/Consensual Upskirt,"dramatic full-body fashion composition from below an adult woman in a short skirt, one leg forward, confident expression visible, and underwear deliberately revealed",Locations/Indoor,"inside a luxurious penthouse living room overlooking glittering city lights through floor-to-ceiling windows, with sculptural furniture and dark polished stone",reconstructed,True,0.7003518342971802,0.5644661784172058,0.6261795163154602,D:\Fooocus\Fooocus\outputs\2026-08-25\2026-08-25_19-06-02_1476.png,"1girl, dramatic full-body fashion composition from below an adult woman in a short skirt, one leg forward, confident expression visible, and underwear deliberately revealed, inside a luxurious penthouse living room overlooking glittering city lights through floor-to-ceiling windows, with sculptural furniture and dark polished stone"
2026-08-25_19-06-09_6917.png,2026-08-25T19:06:09,lifeIsGood_v1,3319667980839940647,Shots/Consensual Upskirt,"dramatic full-body fashion composition from below an adult woman in a short skirt, one leg forward, confident expression visible, and underwear deliberately revealed",Locations/Indoor,"inside an ornate theater balcony with red velvet railings, gilded architectural details, crystal chandeliers, and the empty auditorium beyond",reconstructed,True,0.5243849158287048,0.42264118790626526,0.4948752522468567,D:\Fooocus\Fooocus\outputs\2026-08-25\2026-08-25_19-06-09_6917.png,"1girl, dramatic full-body fashion composition from below an adult woman in a short skirt, one leg forward, confident expression visible, and underwear deliberately revealed, inside an ornate theater balcony with red velvet railings, gilded architectural details, crystal chandeliers, and the empty auditorium beyond"
2026-08-25_19-06-16_6425.png,2026-08-25T19:06:16,lifeIsGood_v1,3319667980839940648,Shots/Consensual Upskirt,"staged reclining upskirt-style photograph of an adult woman with knees bent and skirt gathered naturally at the thighs, underwear visible in soft flattering light",Locations/Indoor,"inside a luxurious penthouse living room overlooking glittering city lights through floor-to-ceiling windows, with sculptural furniture and dark polished stone",reconstructed,True,0.7171770334243774,0.5780268907546997,0.6487545371055603,D:\Fooocus\Fooocus\outputs\2026-08-25\2026-08-25_19-06-16_6425.png,"1girl, staged reclining upskirt-style photograph of an adult woman with knees bent and skirt gathered naturally at the thighs, underwear visible in soft flattering light, inside a luxurious penthouse living room overlooking glittering city lights through floor-to-ceiling windows, with sculptural furniture and dark polished stone"
2026-08-25_19-06-23_2255.png,2026-08-25T19:06:23,lifeIsGood_v1,3319667980839940649,Shots/Consensual Upskirt,"staged reclining upskirt-style photograph of an adult woman with knees bent and skirt gathered naturally at the thighs, underwear visible in soft flattering light",Locations/Indoor,"in a quiet private library lined with dark carved shelves, leather reading chairs, brass lamps, and ladders reaching toward the ceiling",reconstructed,True,0.675703763961792,0.5446003675460815,0.6208096742630005,D:\Fooocus\Fooocus\outputs\2026-08-25\2026-08-25_19-06-23_2255.png,"1girl, staged reclining upskirt-style photograph of an adult woman with knees bent and skirt gathered naturally at the thighs, underwear visible in soft flattering light, in a quiet private library lined with dark carved shelves, leather reading chairs, brass lamps, and ladders reaching toward the ceiling"
2026-08-25_19-06-30_1176.png,2026-08-25T19:06:30,lifeIsGood_v1,3319667980839940650,Shots/Consensual Upskirt,"playful upward camera angle capturing an adult woman twirling a tiny pleated skirt, moving fabric framing a brief clear glimpse of coordinated panties",Locations/Indoor,"inside a spacious modern loft with exposed brick, tall industrial windows, polished concrete floors, and distant city architecture",reconstructed,True,0.7064728736877441,0.5693995356559753,0.629618763923645,D:\Fooocus\Fooocus\outputs\2026-08-25\2026-08-25_19-06-30_1176.png,"1girl, playful upward camera angle capturing an adult woman twirling a tiny pleated skirt, moving fabric framing a brief clear glimpse of coordinated panties, inside a spacious modern loft with exposed brick, tall industrial windows, polished concrete floors, and distant city architecture"
2026-08-25_19-06-37_6975.png,2026-08-25T19:06:37,lifeIsGood_v1,3319667980839940651,Shots/Consensual Upskirt,"playful upward camera angle capturing an adult woman twirling a tiny pleated skirt, moving fabric framing a brief clear glimpse of coordinated panties",Locations/Indoor,"inside an elegant marble bathroom with a freestanding tub, tall mirrors, scattered candles, folded white towels, and soft steam in the air",reconstructed,True,0.6974921226501465,0.5621612071990967,0.6156899929046631,D:\Fooocus\Fooocus\outputs\2026-08-25\2026-08-25_19-06-37_6975.png,"1girl, playful upward camera angle capturing an adult woman twirling a tiny pleated skirt, moving fabric framing a brief clear glimpse of coordinated panties, inside an elegant marble bathroom with a freestanding tub, tall mirrors, scattered candles, folded white towels, and soft steam in the air"
2026-08-25_19-06-44_3460.png,2026-08-25T19:06:44,lifeIsGood_v1,3319667980839940652,Shots/Consensual Upskirt,"consensual over-the-knee viewpoint of an adult woman deliberately posing close to the lens, skirt hem high in the foreground and underwear visible beyond her thighs",Locations/Indoor,"inside a minimal professional photography studio with a seamless warm-gray backdrop, clean polished floor, and carefully arranged equipment out of frame",reconstructed,True,0.6743689775466919,0.5435245037078857,0.6616594791412354,D:\Fooocus\Fooocus\outputs\2026-08-25\2026-08-25_19-06-44_3460.png,"1girl, consensual over-the-knee viewpoint of an adult woman deliberately posing close to the lens, skirt hem high in the foreground and underwear visible beyond her thighs, inside a minimal professional photography studio with a seamless warm-gray backdrop, clean polished floor, and carefully arranged equipment out of frame"
2026-08-25_19-06-51_4516.png,2026-08-25T19:06:51,lifeIsGood_v1,3319667980839940653,Shots/Consensual Upskirt,"consensual over-the-knee viewpoint of an adult woman deliberately posing close to the lens, skirt hem high in the foreground and underwear visible beyond her thighs",Locations/Indoor,"in a private dance studio with wall-to-wall mirrors, pale wood flooring, a simple barre, and diffused daylight from high windows",reconstructed,True,0.5655544400215149,0.45582279562950134,0.546410322189331,D:\Fooocus\Fooocus\outputs\2026-08-25\2026-08-25_19-06-51_4516.png,"1girl, consensual over-the-knee viewpoint of an adult woman deliberately posing close to the lens, skirt hem high in the foreground and underwear visible beyond her thighs, in a private dance studio with wall-to-wall mirrors, pale wood flooring, a simple barre, and diffused daylight from high windows"
2026-08-25_19-06-58_5741.png,2026-08-25T19:06:58,lifeIsGood_v1,3319667980839940654,Shots/Consensual Upskirt,"floor-level photograph beneath a short plaid skirt, with an adult woman aware of the camera, looking down with a teasing smile as her panties show",Locations/Indoor,"inside a minimal professional photography studio with a seamless warm-gray backdrop, clean polished floor, and carefully arranged equipment out of frame",reconstructed,True,0.6133763790130615,0.4943661093711853,0.5625306367874146,D:\Fooocus\Fooocus\outputs\2026-08-25\2026-08-25_19-06-58_5741.png,"1girl, floor-level photograph beneath a short plaid skirt, with an adult woman aware of the camera, looking down with a teasing smile as her panties show, inside a minimal professional photography studio with a seamless warm-gray backdrop, clean polished floor, and carefully arranged equipment out of frame"
2026-08-25_19-07-05_7658.png,2026-08-25T19:07:05,lifeIsGood_v1,3319667980839940655,Shots/Consensual Upskirt,"floor-level photograph beneath a short plaid skirt, with an adult woman aware of the camera, looking down with a teasing smile as her panties show",Locations/Indoor,"in a quiet private library lined with dark carved shelves, leather reading chairs, brass lamps, and ladders reaching toward the ceiling",reconstructed,True,0.7047445774078369,0.5680065155029297,0.6591713428497314,D:\Fooocus\Fooocus\outputs\2026-08-25\2026-08-25_19-07-05_7658.png,"1girl, floor-level photograph beneath a short plaid skirt, with an adult woman aware of the camera, looking down with a teasing smile as her panties show, in a quiet private library lined with dark carved shelves, leather reading chairs, brass lamps, and ladders reaching toward the ceiling"
2026-08-25_19-07-12_1973.png,2026-08-25T19:07:12,lifeIsGood_v1,3319667980839940656,Shots/Consensual Upskirt,"staged staircase upskirt-style fashion shot of an adult woman one step above the lens, looking back over her shoulder with underwear visible beneath the lifted skirt",Locations/Indoor,"inside an ornate theater balcony with red velvet railings, gilded architectural details, crystal chandeliers, and the empty auditorium beyond",reconstructed,True,0.7255576848983765,0.5847814679145813,0.6703590154647827,D:\Fooocus\Fooocus\outputs\2026-08-25\2026-08-25_19-07-12_1973.png,"1girl, staged staircase upskirt-style fashion shot of an adult woman one step above the lens, looking back over her shoulder with underwear visible beneath the lifted skirt, inside an ornate theater balcony with red velvet railings, gilded architectural details, crystal chandeliers, and the empty auditorium beyond"
2026-08-25_19-07-19_5720.png,2026-08-25T19:07:19,lifeIsGood_v1,3319667980839940657,Shots/Consensual Upskirt,"staged staircase upskirt-style fashion shot of an adult woman one step above the lens, looking back over her shoulder with underwear visible beneath the lifted skirt",Locations/Indoor,"inside a minimal professional photography studio with a seamless warm-gray backdrop, clean polished floor, and carefully arranged equipment out of frame",reconstructed,True,0.6839298009872437,0.5512303113937378,0.6252908706665039,D:\Fooocus\Fooocus\outputs\2026-08-25\2026-08-25_19-07-19_5720.png,"1girl, staged staircase upskirt-style fashion shot of an adult woman one step above the lens, looking back over her shoulder with underwear visible beneath the lifted skirt, inside a minimal professional photography studio with a seamless warm-gray backdrop, clean polished floor, and carefully arranged equipment out of frame"
2026-08-25_19-07-26_4399.png,2026-08-25T19:07:26,lifeIsGood_v1,3319667980839940658,Shots/Consensual Upskirt,"teasing low-angle portrait of an adult woman holding both sides of her short skirt hem above the camera, direct playful eye contact and matching panties visible",Locations/Indoor,"inside a minimal professional photography studio with a seamless warm-gray backdrop, clean polished floor, and carefully arranged equipment out of frame",reconstructed,True,0.7289971709251404,0.5875536203384399,0.6769392490386963,D:\Fooocus\Fooocus\outputs\2026-08-25\2026-08-25_19-07-26_4399.png,"1girl, teasing low-angle portrait of an adult woman holding both sides of her short skirt hem above the camera, direct playful eye contact and matching panties visible, inside a minimal professional photography studio with a seamless warm-gray backdrop, clean polished floor, and carefully arranged equipment out of frame"
2026-08-25_19-07-33_1900.png,2026-08-25T19:07:33,lifeIsGood_v1,3319667980839940659,Shots/Consensual Upskirt,"teasing low-angle portrait of an adult woman holding both sides of her short skirt hem above the camera, direct playful eye contact and matching panties visible",Locations/Indoor,"in a quiet private library lined with dark carved shelves, leather reading chairs, brass lamps, and ladders reaching toward the ceiling",reconstructed,True,0.6790751218795776,0.547317624092102,0.6561937928199768,D:\Fooocus\Fooocus\outputs\2026-08-25\2026-08-25_19-07-33_1900.png,"1girl, teasing low-angle portrait of an adult woman holding both sides of her short skirt hem above the camera, direct playful eye contact and matching panties visible, in a quiet private library lined with dark carved shelves, leather reading chairs, brass lamps, and ladders reaching toward the ceiling"
2026-08-25_19-07-40_5863.png,2026-08-25T19:07:40,lifeIsGood_v1,3319667980839940660,Shots/Consensual Upskirt,"cinematic consensual upskirt-style composition of an adult woman posing above the lens beneath soft backlighting, skirt fabric glowing around a tasteful underwear reveal",Locations/Indoor,"in a sophisticated hotel suite with a velvet lounge chair, warm walnut furniture, cream bedding, and discreet golden bedside lamps",reconstructed,True,0.6556597352027893,0.5284454822540283,0.6537943482398987,D:\Fooocus\Fooocus\outputs\2026-08-25\2026-08-25_19-07-40_5863.png,"1girl, cinematic consensual upskirt-style composition of an adult woman posing above the lens beneath soft backlighting, skirt fabric glowing around a tasteful underwear reveal, in a sophisticated hotel suite with a velvet lounge chair, warm walnut furniture, cream bedding, and discreet golden bedside lamps"
2026-08-25_19-07-47_4059.png,2026-08-25T19:07:47,lifeIsGood_v1,3319667980839940661,Shots/Consensual Upskirt,"cinematic consensual upskirt-style composition of an adult woman posing above the lens beneath soft backlighting, skirt fabric glowing around a tasteful underwear reveal",Locations/Indoor,"in a private vintage train compartment with deep red velvet seats, polished wood paneling, brass fixtures, and blurred countryside beyond the window",reconstructed,True,0.7019919157028198,0.5657880306243896,0.6738331317901611,D:\Fooocus\Fooocus\outputs\2026-08-25\2026-08-25_19-07-47_4059.png,"1girl, cinematic consensual upskirt-style composition of an adult woman posing above the lens beneath soft backlighting, skirt fabric glowing around a tasteful underwear reveal, in a private vintage train compartment with deep red velvet seats, polished wood paneling, brass fixtures, and blurred countryside beyond the window"
2026-08-25_19-08-17_1148.png,2026-08-25T19:08:17,juggernautXL_ragnarok,3319667980839940638,Shots/Consensual Upskirt,"consensual staged low-angle fashion photograph of an adult woman knowingly posing above the camera, short pleated skirt framing a clear teasing glimpse of matching underwear",Locations/Indoor,"in a private dance studio with wall-to-wall mirrors, pale wood flooring, a simple barre, and diffused daylight from high windows",reconstructed,True,0.6459692716598511,0.5206350684165955,0.5950754284858704,D:\Fooocus\Fooocus\outputs\2026-08-25\2026-08-25_19-08-17_1148.png,"1girl, consensual staged low-angle fashion photograph of an adult woman knowingly posing above the camera, short pleated skirt framing a clear teasing glimpse of matching underwear, in a private dance studio with wall-to-wall mirrors, pale wood flooring, a simple barre, and diffused daylight from high windows"
2026-08-25_19-08-24_8351.png,2026-08-25T19:08:25,juggernautXL_ragnarok,3319667980839940639,Shots/Consensual Upskirt,"consensual staged low-angle fashion photograph of an adult woman knowingly posing above the camera, short pleated skirt framing a clear teasing glimpse of matching underwear",Locations/Indoor,"inside a luxurious penthouse living room overlooking glittering city lights through floor-to-ceiling windows, with sculptural furniture and dark polished stone",reconstructed,True,0.701209545135498,0.5651573538780212,0.6416704058647156,D:\Fooocus\Fooocus\outputs\2026-08-25\2026-08-25_19-08-24_8351.png,"1girl, consensual staged low-angle fashion photograph of an adult woman knowingly posing above the camera, short pleated skirt framing a clear teasing glimpse of matching underwear, inside a luxurious penthouse living room overlooking glittering city lights through floor-to-ceiling windows, with sculptural furniture and dark polished stone"
2026-08-25_19-08-31_2293.png,2026-08-25T19:08:32,juggernautXL_ragnarok,3319667980839940640,Shots/Consensual Upskirt,"playful floor-level composition of an adult woman leaning toward the lens with direct eye contact, one hand holding the edge of her tiny skirt as underwear becomes visible",Locations/Indoor,"inside an elegant marble bathroom with a freestanding tub, tall mirrors, scattered candles, folded white towels, and soft steam in the air",reconstructed,True,0.7812231183052063,0.629646360874176,0.7144364714622498,D:\Fooocus\Fooocus\outputs\2026-08-25\2026-08-25_19-08-31_2293.png,"1girl, playful floor-level composition of an adult woman leaning toward the lens with direct eye contact, one hand holding the edge of her tiny skirt as underwear becomes visible, inside an elegant marble bathroom with a freestanding tub, tall mirrors, scattered candles, folded white towels, and soft steam in the air"
2026-08-25_19-08-38_2092.png,2026-08-25T19:08:39,juggernautXL_ragnarok,3319667980839940641,Shots/Consensual Upskirt,"playful floor-level composition of an adult woman leaning toward the lens with direct eye contact, one hand holding the edge of her tiny skirt as underwear becomes visible",Locations/Indoor,"inside an airy sunlit bedroom with rumpled white linen, gauzy curtains, pale wood floors, and soft morning light pouring through tall windows",reconstructed,True,0.7188855409622192,0.5794038772583008,0.6876486539840698,D:\Fooocus\Fooocus\outputs\2026-08-25\2026-08-25_19-08-38_2092.png,"1girl, playful floor-level composition of an adult woman leaning toward the lens with direct eye contact, one hand holding the edge of her tiny skirt as underwear becomes visible, inside an airy sunlit bedroom with rumpled white linen, gauzy curtains, pale wood floors, and soft morning light pouring through tall windows"
2026-08-25_19-08-45_6658.png,2026-08-25T19:08:46,juggernautXL_ragnarok,3319667980839940642,Shots/Consensual Upskirt,"carefully staged under-skirt viewpoint with an adult woman lifting the hem slightly for the camera, thighs symmetrically framed and coordinated panties clearly visible",Locations/Indoor,"in a cozy late-night cafe beside a rain-streaked window, surrounded by warm pendant lights, dark wood tables, and soft street reflections",reconstructed,True,0.6901869773864746,0.5562735795974731,0.6795508861541748,D:\Fooocus\Fooocus\outputs\2026-08-25\2026-08-25_19-08-45_6658.png,"1girl, carefully staged under-skirt viewpoint with an adult woman lifting the hem slightly for the camera, thighs symmetrically framed and coordinated panties clearly visible, in a cozy late-night cafe beside a rain-streaked window, surrounded by warm pendant lights, dark wood tables, and soft street reflections"
2026-08-25_19-08-52_6934.png,2026-08-25T19:08:53,juggernautXL_ragnarok,3319667980839940643,Shots/Consensual Upskirt,"carefully staged under-skirt viewpoint with an adult woman lifting the hem slightly for the camera, thighs symmetrically framed and coordinated panties clearly visible",Locations/Indoor,"in a sophisticated hotel suite with a velvet lounge chair, warm walnut furniture, cream bedding, and discreet golden bedside lamps",reconstructed,True,0.6868246793746948,0.5535635352134705,0.6376734972000122,D:\Fooocus\Fooocus\outputs\2026-08-25\2026-08-25_19-08-52_6934.png,"1girl, carefully staged under-skirt viewpoint with an adult woman lifting the hem slightly for the camera, thighs symmetrically framed and coordinated panties clearly visible, in a sophisticated hotel suite with a velvet lounge chair, warm walnut furniture, cream bedding, and discreet golden bedside lamps"
2026-08-25_19-08-59_5464.png,2026-08-25T19:09:00,juggernautXL_ragnarok,3319667980839940644,Shots/Consensual Upskirt,"consensual seated low-angle shot of an adult woman near the edge of a chair, legs crossed loosely as the short skirt shifts to reveal matching underwear",Locations/Indoor,"in a quiet private library lined with dark carved shelves, leather reading chairs, brass lamps, and ladders reaching toward the ceiling",reconstructed,True,0.5836853981018066,0.47043588757514954,0.5856142044067383,D:\Fooocus\Fooocus\outputs\2026-08-25\2026-08-25_19-08-59_5464.png,"1girl, consensual seated low-angle shot of an adult woman near the edge of a chair, legs crossed loosely as the short skirt shifts to reveal matching underwear, in a quiet private library lined with dark carved shelves, leather reading chairs, brass lamps, and ladders reaching toward the ceiling"
2026-08-25_19-09-07_4370.png,2026-08-25T19:09:07,juggernautXL_ragnarok,3319667980839940645,Shots/Consensual Upskirt,"consensual seated low-angle shot of an adult woman near the edge of a chair, legs crossed loosely as the short skirt shifts to reveal matching underwear",Locations/Indoor,"in a private vintage train compartment with deep red velvet seats, polished wood paneling, brass fixtures, and blurred countryside beyond the window",reconstructed,True,0.6119252443313599,0.4931964874267578,0.5936836004257202,D:\Fooocus\Fooocus\outputs\2026-08-25\2026-08-25_19-09-07_4370.png,"1girl, consensual seated low-angle shot of an adult woman near the edge of a chair, legs crossed loosely as the short skirt shifts to reveal matching underwear, in a private vintage train compartment with deep red velvet seats, polished wood paneling, brass fixtures, and blurred countryside beyond the window"
2026-08-25_19-09-13_1476.png,2026-08-25T19:09:14,juggernautXL_ragnarok,3319667980839940646,Shots/Consensual Upskirt,"dramatic full-body fashion composition from below an adult woman in a short skirt, one leg forward, confident expression visible, and underwear deliberately revealed",Locations/Indoor,"inside a luxurious penthouse living room overlooking glittering city lights through floor-to-ceiling windows, with sculptural furniture and dark polished stone",reconstructed,True,0.5867754817008972,0.47292640805244446,0.6163122653961182,D:\Fooocus\Fooocus\outputs\2026-08-25\2026-08-25_19-09-13_1476.png,"1girl, dramatic full-body fashion composition from below an adult woman in a short skirt, one leg forward, confident expression visible, and underwear deliberately revealed, inside a luxurious penthouse living room overlooking glittering city lights through floor-to-ceiling windows, with sculptural furniture and dark polished stone"
2026-08-25_19-09-20_6917.png,2026-08-25T19:09:21,juggernautXL_ragnarok,3319667980839940647,Shots/Consensual Upskirt,"dramatic full-body fashion composition from below an adult woman in a short skirt, one leg forward, confident expression visible, and underwear deliberately revealed",Locations/Indoor,"inside an ornate theater balcony with red velvet railings, gilded architectural details, crystal chandeliers, and the empty auditorium beyond",reconstructed,True,0.5083407163619995,0.4097099304199219,0.4709330201148987,D:\Fooocus\Fooocus\outputs\2026-08-25\2026-08-25_19-09-20_6917.png,"1girl, dramatic full-body fashion composition from below an adult woman in a short skirt, one leg forward, confident expression visible, and underwear deliberately revealed, inside an ornate theater balcony with red velvet railings, gilded architectural details, crystal chandeliers, and the empty auditorium beyond"
2026-08-25_19-09-27_6425.png,2026-08-25T19:09:28,juggernautXL_ragnarok,3319667980839940648,Shots/Consensual Upskirt,"staged reclining upskirt-style photograph of an adult woman with knees bent and skirt gathered naturally at the thighs, underwear visible in soft flattering light",Locations/Indoor,"inside a luxurious penthouse living room overlooking glittering city lights through floor-to-ceiling windows, with sculptural furniture and dark polished stone",reconstructed,True,0.644881010055542,0.5197579860687256,0.5958045721054077,D:\Fooocus\Fooocus\outputs\2026-08-25\2026-08-25_19-09-27_6425.png,"1girl, staged reclining upskirt-style photograph of an adult woman with knees bent and skirt gathered naturally at the thighs, underwear visible in soft flattering light, inside a luxurious penthouse living room overlooking glittering city lights through floor-to-ceiling windows, with sculptural furniture and dark polished stone"
2026-08-25_19-09-34_2255.png,2026-08-25T19:09:34,juggernautXL_ragnarok,3319667980839940649,Shots/Consensual Upskirt,"staged reclining upskirt-style photograph of an adult woman with knees bent and skirt gathered naturally at the thighs, underwear visible in soft flattering light",Locations/Indoor,"in a quiet private library lined with dark carved shelves, leather reading chairs, brass lamps, and ladders reaching toward the ceiling",reconstructed,True,0.5573495626449585,0.44920989871025085,0.5455601811408997,D:\Fooocus\Fooocus\outputs\2026-08-25\2026-08-25_19-09-34_2255.png,"1girl, staged reclining upskirt-style photograph of an adult woman with knees bent and skirt gathered naturally at the thighs, underwear visible in soft flattering light, in a quiet private library lined with dark carved shelves, leather reading chairs, brass lamps, and ladders reaching toward the ceiling"
2026-08-25_19-09-41_1176.png,2026-08-25T19:09:41,juggernautXL_ragnarok,3319667980839940650,Shots/Consensual Upskirt,"playful upward camera angle capturing an adult woman twirling a tiny pleated skirt, moving fabric framing a brief clear glimpse of coordinated panties",Locations/Indoor,"inside a spacious modern loft with exposed brick, tall industrial windows, polished concrete floors, and distant city architecture",reconstructed,True,0.5256354212760925,0.42364901304244995,0.47552457451820374,D:\Fooocus\Fooocus\outputs\2026-08-25\2026-08-25_19-09-41_1176.png,"1girl, playful upward camera angle capturing an adult woman twirling a tiny pleated skirt, moving fabric framing a brief clear glimpse of coordinated panties, inside a spacious modern loft with exposed brick, tall industrial windows, polished concrete floors, and distant city architecture"
2026-08-25_19-09-48_6975.png,2026-08-25T19:09:48,juggernautXL_ragnarok,3319667980839940651,Shots/Consensual Upskirt,"playful upward camera angle capturing an adult woman twirling a tiny pleated skirt, moving fabric framing a brief clear glimpse of coordinated panties",Locations/Indoor,"inside an elegant marble bathroom with a freestanding tub, tall mirrors, scattered candles, folded white towels, and soft steam in the air",reconstructed,True,0.7376003265380859,0.5944874286651611,0.6658177375793457,D:\Fooocus\Fooocus\outputs\2026-08-25\2026-08-25_19-09-48_6975.png,"1girl, playful upward camera angle capturing an adult woman twirling a tiny pleated skirt, moving fabric framing a brief clear glimpse of coordinated panties, inside an elegant marble bathroom with a freestanding tub, tall mirrors, scattered candles, folded white towels, and soft steam in the air"
2026-08-25_19-09-55_3460.png,2026-08-25T19:09:56,juggernautXL_ragnarok,3319667980839940652,Shots/Consensual Upskirt,"consensual over-the-knee viewpoint of an adult woman deliberately posing close to the lens, skirt hem high in the foreground and underwear visible beyond her thighs",Locations/Indoor,"inside a minimal professional photography studio with a seamless warm-gray backdrop, clean polished floor, and carefully arranged equipment out of frame",reconstructed,True,0.6868394017219543,0.5535754561424255,0.6727744340896606,D:\Fooocus\Fooocus\outputs\2026-08-25\2026-08-25_19-09-55_3460.png,"1girl, consensual over-the-knee viewpoint of an adult woman deliberately posing close to the lens, skirt hem high in the foreground and underwear visible beyond her thighs, inside a minimal professional photography studio with a seamless warm-gray backdrop, clean polished floor, and carefully arranged equipment out of frame"
2026-08-25_19-10-02_4516.png,2026-08-25T19:10:03,juggernautXL_ragnarok,3319667980839940653,Shots/Consensual Upskirt,"consensual over-the-knee viewpoint of an adult woman deliberately posing close to the lens, skirt hem high in the foreground and underwear visible beyond her thighs",Locations/Indoor,"in a private dance studio with wall-to-wall mirrors, pale wood flooring, a simple barre, and diffused daylight from high windows",reconstructed,True,0.640730619430542,0.5164129734039307,0.6228485703468323,D:\Fooocus\Fooocus\outputs\2026-08-25\2026-08-25_19-10-02_4516.png,"1girl, consensual over-the-knee viewpoint of an adult woman deliberately posing close to the lens, skirt hem high in the foreground and underwear visible beyond her thighs, in a private dance studio with wall-to-wall mirrors, pale wood flooring, a simple barre, and diffused daylight from high windows"
2026-08-25_19-10-09_5741.png,2026-08-25T19:10:10,juggernautXL_ragnarok,3319667980839940654,Shots/Consensual Upskirt,"floor-level photograph beneath a short plaid skirt, with an adult woman aware of the camera, looking down with a teasing smile as her panties show",Locations/Indoor,"inside a minimal professional photography studio with a seamless warm-gray backdrop, clean polished floor, and carefully arranged equipment out of frame",reconstructed,True,0.6802619099617004,0.5482741594314575,0.6415225267410278,D:\Fooocus\Fooocus\outputs\2026-08-25\2026-08-25_19-10-09_5741.png,"1girl, floor-level photograph beneath a short plaid skirt, with an adult woman aware of the camera, looking down with a teasing smile as her panties show, inside a minimal professional photography studio with a seamless warm-gray backdrop, clean polished floor, and carefully arranged equipment out of frame"
2026-08-25_19-10-16_7658.png,2026-08-25T19:10:16,juggernautXL_ragnarok,3319667980839940655,Shots/Consensual Upskirt,"floor-level photograph beneath a short plaid skirt, with an adult woman aware of the camera, looking down with a teasing smile as her panties show",Locations/Indoor,"in a quiet private library lined with dark carved shelves, leather reading chairs, brass lamps, and ladders reaching toward the ceiling",reconstructed,True,0.47836339473724365,0.38554897904396057,0.5009806156158447,D:\Fooocus\Fooocus\outputs\2026-08-25\2026-08-25_19-10-16_7658.png,"1girl, floor-level photograph beneath a short plaid skirt, with an adult woman aware of the camera, looking down with a teasing smile as her panties show, in a quiet private library lined with dark carved shelves, leather reading chairs, brass lamps, and ladders reaching toward the ceiling"
2026-08-25_19-10-23_1973.png,2026-08-25T19:10:23,juggernautXL_ragnarok,3319667980839940656,Shots/Consensual Upskirt,"staged staircase upskirt-style fashion shot of an adult woman one step above the lens, looking back over her shoulder with underwear visible beneath the lifted skirt",Locations/Indoor,"inside an ornate theater balcony with red velvet railings, gilded architectural details, crystal chandeliers, and the empty auditorium beyond",reconstructed,True,0.6473604440689087,0.5217563509941101,0.6050410270690918,D:\Fooocus\Fooocus\outputs\2026-08-25\2026-08-25_19-10-23_1973.png,"1girl, staged staircase upskirt-style fashion shot of an adult woman one step above the lens, looking back over her shoulder with underwear visible beneath the lifted skirt, inside an ornate theater balcony with red velvet railings, gilded architectural details, crystal chandeliers, and the empty auditorium beyond"
2026-08-25_19-10-30_5720.png,2026-08-25T19:10:30,juggernautXL_ragnarok,3319667980839940657,Shots/Consensual Upskirt,"staged staircase upskirt-style fashion shot of an adult woman one step above the lens, looking back over her shoulder with underwear visible beneath the lifted skirt",Locations/Indoor,"inside a minimal professional photography studio with a seamless warm-gray backdrop, clean polished floor, and carefully arranged equipment out of frame",reconstructed,True,0.6960878968238831,0.5610294342041016,0.6447662115097046,D:\Fooocus\Fooocus\outputs\2026-08-25\2026-08-25_19-10-30_5720.png,"1girl, staged staircase upskirt-style fashion shot of an adult woman one step above the lens, looking back over her shoulder with underwear visible beneath the lifted skirt, inside a minimal professional photography studio with a seamless warm-gray backdrop, clean polished floor, and carefully arranged equipment out of frame"
2026-08-25_19-10-36_4399.png,2026-08-25T19:10:37,juggernautXL_ragnarok,3319667980839940658,Shots/Consensual Upskirt,"teasing low-angle portrait of an adult woman holding both sides of her short skirt hem above the camera, direct playful eye contact and matching panties visible",Locations/Indoor,"inside a minimal professional photography studio with a seamless warm-gray backdrop, clean polished floor, and carefully arranged equipment out of frame",reconstructed,True,0.6792955994606018,0.5474953055381775,0.609138011932373,D:\Fooocus\Fooocus\outputs\2026-08-25\2026-08-25_19-10-36_4399.png,"1girl, teasing low-angle portrait of an adult woman holding both sides of her short skirt hem above the camera, direct playful eye contact and matching panties visible, inside a minimal professional photography studio with a seamless warm-gray backdrop, clean polished floor, and carefully arranged equipment out of frame"
2026-08-25_19-10-43_1900.png,2026-08-25T19:10:44,juggernautXL_ragnarok,3319667980839940659,Shots/Consensual Upskirt,"teasing low-angle portrait of an adult woman holding both sides of her short skirt hem above the camera, direct playful eye contact and matching panties visible",Locations/Indoor,"in a quiet private library lined with dark carved shelves, leather reading chairs, brass lamps, and ladders reaching toward the ceiling",reconstructed,True,0.6778289675712585,0.5463130474090576,0.6545262336730957,D:\Fooocus\Fooocus\outputs\2026-08-25\2026-08-25_19-10-43_1900.png,"1girl, teasing low-angle portrait of an adult woman holding both sides of her short skirt hem above the camera, direct playful eye contact and matching panties visible, in a quiet private library lined with dark carved shelves, leather reading chairs, brass lamps, and ladders reaching toward the ceiling"
2026-08-25_19-10-50_5863.png,2026-08-25T19:10:51,juggernautXL_ragnarok,3319667980839940660,Shots/Consensual Upskirt,"cinematic consensual upskirt-style composition of an adult woman posing above the lens beneath soft backlighting, skirt fabric glowing around a tasteful underwear reveal",Locations/Indoor,"in a sophisticated hotel suite with a velvet lounge chair, warm walnut furniture, cream bedding, and discreet golden bedside lamps",reconstructed,True,0.7212316989898682,0.5812947750091553,0.6587179899215698,D:\Fooocus\Fooocus\outputs\2026-08-25\2026-08-25_19-10-50_5863.png,"1girl, cinematic consensual upskirt-style composition of an adult woman posing above the lens beneath soft backlighting, skirt fabric glowing around a tasteful underwear reveal, in a sophisticated hotel suite with a velvet lounge chair, warm walnut furniture, cream bedding, and discreet golden bedside lamps"
2026-08-25_19-10-57_4059.png,2026-08-25T19:10:58,juggernautXL_ragnarok,3319667980839940661,Shots/Consensual Upskirt,"cinematic consensual upskirt-style composition of an adult woman posing above the lens beneath soft backlighting, skirt fabric glowing around a tasteful underwear reveal",Locations/Indoor,"in a private vintage train compartment with deep red velvet seats, polished wood paneling, brass fixtures, and blurred countryside beyond the window",reconstructed,True,0.6679613590240479,0.5383601784706116,0.6559514999389648,D:\Fooocus\Fooocus\outputs\2026-08-25\2026-08-25_19-10-57_4059.png,"1girl, cinematic consensual upskirt-style composition of an adult woman posing above the lens beneath soft backlighting, skirt fabric glowing around a tasteful underwear reveal, in a private vintage train compartment with deep red velvet seats, polished wood paneling, brass fixtures, and blurred countryside beyond the window"
2026-08-25_19-11-28_1148.png,2026-08-25T19:11:28,lustifyNSFWCheckpoint_zenithV9,3319667980839940638,Shots/Consensual Upskirt,"consensual staged low-angle fashion photograph of an adult woman knowingly posing above the camera, short pleated skirt framing a clear teasing glimpse of matching underwear",Locations/Indoor,"in a private dance studio with wall-to-wall mirrors, pale wood flooring, a simple barre, and diffused daylight from high windows",reconstructed,True,0.5419822335243225,0.43682417273521423,0.5841124057769775,D:\Fooocus\Fooocus\outputs\2026-08-25\2026-08-25_19-11-28_1148.png,"1girl, consensual staged low-angle fashion photograph of an adult woman knowingly posing above the camera, short pleated skirt framing a clear teasing glimpse of matching underwear, in a private dance studio with wall-to-wall mirrors, pale wood flooring, a simple barre, and diffused daylight from high windows"
2026-08-25_19-11-35_8351.png,2026-08-25T19:11:35,lustifyNSFWCheckpoint_zenithV9,3319667980839940639,Shots/Consensual Upskirt,"consensual staged low-angle fashion photograph of an adult woman knowingly posing above the camera, short pleated skirt framing a clear teasing glimpse of matching underwear",Locations/Indoor,"inside a luxurious penthouse living room overlooking glittering city lights through floor-to-ceiling windows, with sculptural furniture and dark polished stone",reconstructed,True,0.5517725944519043,0.44471490383148193,0.5054355263710022,D:\Fooocus\Fooocus\outputs\2026-08-25\2026-08-25_19-11-35_8351.png,"1girl, consensual staged low-angle fashion photograph of an adult woman knowingly posing above the camera, short pleated skirt framing a clear teasing glimpse of matching underwear, inside a luxurious penthouse living room overlooking glittering city lights through floor-to-ceiling windows, with sculptural furniture and dark polished stone"
2026-08-25_19-11-42_2293.png,2026-08-25T19:11:42,lustifyNSFWCheckpoint_zenithV9,3319667980839940640,Shots/Consensual Upskirt,"playful floor-level composition of an adult woman leaning toward the lens with direct eye contact, one hand holding the edge of her tiny skirt as underwear becomes visible",Locations/Indoor,"inside an elegant marble bathroom with a freestanding tub, tall mirrors, scattered candles, folded white towels, and soft steam in the air",reconstructed,True,0.6741567850112915,0.5433536171913147,0.6258913278579712,D:\Fooocus\Fooocus\outputs\2026-08-25\2026-08-25_19-11-42_2293.png,"1girl, playful floor-level composition of an adult woman leaning toward the lens with direct eye contact, one hand holding the edge of her tiny skirt as underwear becomes visible, inside an elegant marble bathroom with a freestanding tub, tall mirrors, scattered candles, folded white towels, and soft steam in the air"
2026-08-25_19-11-49_2092.png,2026-08-25T19:11:49,lustifyNSFWCheckpoint_zenithV9,3319667980839940641,Shots/Consensual Upskirt,"playful floor-level composition of an adult woman leaning toward the lens with direct eye contact, one hand holding the edge of her tiny skirt as underwear becomes visible",Locations/Indoor,"inside an airy sunlit bedroom with rumpled white linen, gauzy curtains, pale wood floors, and soft morning light pouring through tall windows",reconstructed,True,0.47633570432662964,0.38391461968421936,0.4777618646621704,D:\Fooocus\Fooocus\outputs\2026-08-25\2026-08-25_19-11-49_2092.png,"1girl, playful floor-level composition of an adult woman leaning toward the lens with direct eye contact, one hand holding the edge of her tiny skirt as underwear becomes visible, inside an airy sunlit bedroom with rumpled white linen, gauzy curtains, pale wood floors, and soft morning light pouring through tall windows"
2026-08-25_19-11-56_6658.png,2026-08-25T19:11:56,lustifyNSFWCheckpoint_zenithV9,3319667980839940642,Shots/Consensual Upskirt,"carefully staged under-skirt viewpoint with an adult woman lifting the hem slightly for the camera, thighs symmetrically framed and coordinated panties clearly visible",Locations/Indoor,"in a cozy late-night cafe beside a rain-streaked window, surrounded by warm pendant lights, dark wood tables, and soft street reflections",reconstructed,True,0.5185977220535278,0.41797685623168945,0.5277224779129028,D:\Fooocus\Fooocus\outputs\2026-08-25\2026-08-25_19-11-56_6658.png,"1girl, carefully staged under-skirt viewpoint with an adult woman lifting the hem slightly for the camera, thighs symmetrically framed and coordinated panties clearly visible, in a cozy late-night cafe beside a rain-streaked window, surrounded by warm pendant lights, dark wood tables, and soft street reflections"
2026-08-25_19-12-03_6934.png,2026-08-25T19:12:03,lustifyNSFWCheckpoint_zenithV9,3319667980839940643,Shots/Consensual Upskirt,"carefully staged under-skirt viewpoint with an adult woman lifting the hem slightly for the camera, thighs symmetrically framed and coordinated panties clearly visible",Locations/Indoor,"in a sophisticated hotel suite with a velvet lounge chair, warm walnut furniture, cream bedding, and discreet golden bedside lamps",reconstructed,True,0.6063441038131714,0.48869821429252625,0.5552056431770325,D:\Fooocus\Fooocus\outputs\2026-08-25\2026-08-25_19-12-03_6934.png,"1girl, carefully staged under-skirt viewpoint with an adult woman lifting the hem slightly for the camera, thighs symmetrically framed and coordinated panties clearly visible, in a sophisticated hotel suite with a velvet lounge chair, warm walnut furniture, cream bedding, and discreet golden bedside lamps"
2026-08-25_19-12-10_5464.png,2026-08-25T19:12:11,lustifyNSFWCheckpoint_zenithV9,3319667980839940644,Shots/Consensual Upskirt,"consensual seated low-angle shot of an adult woman near the edge of a chair, legs crossed loosely as the short skirt shifts to reveal matching underwear",Locations/Indoor,"in a quiet private library lined with dark carved shelves, leather reading chairs, brass lamps, and ladders reaching toward the ceiling",reconstructed,True,0.47957611083984375,0.3865264058113098,0.4848542809486389,D:\Fooocus\Fooocus\outputs\2026-08-25\2026-08-25_19-12-10_5464.png,"1girl, consensual seated low-angle shot of an adult woman near the edge of a chair, legs crossed loosely as the short skirt shifts to reveal matching underwear, in a quiet private library lined with dark carved shelves, leather reading chairs, brass lamps, and ladders reaching toward the ceiling"
2026-08-25_19-12-17_4370.png,2026-08-25T19:12:18,lustifyNSFWCheckpoint_zenithV9,3319667980839940645,Shots/Consensual Upskirt,"consensual seated low-angle shot of an adult woman near the edge of a chair, legs crossed loosely as the short skirt shifts to reveal matching underwear",Locations/Indoor,"in a private vintage train compartment with deep red velvet seats, polished wood paneling, brass fixtures, and blurred countryside beyond the window",reconstructed,True,0.5825634002685547,0.4695316553115845,0.5812486410140991,D:\Fooocus\Fooocus\outputs\2026-08-25\2026-08-25_19-12-17_4370.png,"1girl, consensual seated low-angle shot of an adult woman near the edge of a chair, legs crossed loosely as the short skirt shifts to reveal matching underwear, in a private vintage train compartment with deep red velvet seats, polished wood paneling, brass fixtures, and blurred countryside beyond the window"
2026-08-25_19-12-24_1476.png,2026-08-25T19:12:25,lustifyNSFWCheckpoint_zenithV9,3319667980839940646,Shots/Consensual Upskirt,"dramatic full-body fashion composition from below an adult woman in a short skirt, one leg forward, confident expression visible, and underwear deliberately revealed",Locations/Indoor,"inside a luxurious penthouse living room overlooking glittering city lights through floor-to-ceiling windows, with sculptural furniture and dark polished stone",reconstructed,True,0.4974561929702759,0.4009372591972351,0.47324520349502563,D:\Fooocus\Fooocus\outputs\2026-08-25\2026-08-25_19-12-24_1476.png,"1girl, dramatic full-body fashion composition from below an adult woman in a short skirt, one leg forward, confident expression visible, and underwear deliberately revealed, inside a luxurious penthouse living room overlooking glittering city lights through floor-to-ceiling windows, with sculptural furniture and dark polished stone"
2026-08-25_19-12-31_6917.png,2026-08-25T19:12:32,lustifyNSFWCheckpoint_zenithV9,3319667980839940647,Shots/Consensual Upskirt,"dramatic full-body fashion composition from below an adult woman in a short skirt, one leg forward, confident expression visible, and underwear deliberately revealed",Locations/Indoor,"inside an ornate theater balcony with red velvet railings, gilded architectural details, crystal chandeliers, and the empty auditorium beyond",reconstructed,True,0.4292427599430084,0.3459589183330536,0.46513831615448,D:\Fooocus\Fooocus\outputs\2026-08-25\2026-08-25_19-12-31_6917.png,"1girl, dramatic full-body fashion composition from below an adult woman in a short skirt, one leg forward, confident expression visible, and underwear deliberately revealed, inside an ornate theater balcony with red velvet railings, gilded architectural details, crystal chandeliers, and the empty auditorium beyond"
2026-08-25_19-12-38_6425.png,2026-08-25T19:12:39,lustifyNSFWCheckpoint_zenithV9,3319667980839940648,Shots/Consensual Upskirt,"staged reclining upskirt-style photograph of an adult woman with knees bent and skirt gathered naturally at the thighs, underwear visible in soft flattering light",Locations/Indoor,"inside a luxurious penthouse living room overlooking glittering city lights through floor-to-ceiling windows, with sculptural furniture and dark polished stone",reconstructed,True,0.5412613153457642,0.4362431466579437,0.5161028504371643,D:\Fooocus\Fooocus\outputs\2026-08-25\2026-08-25_19-12-38_6425.png,"1girl, staged reclining upskirt-style photograph of an adult woman with knees bent and skirt gathered naturally at the thighs, underwear visible in soft flattering light, inside a luxurious penthouse living room overlooking glittering city lights through floor-to-ceiling windows, with sculptural furniture and dark polished stone"
2026-08-25_19-12-45_2255.png,2026-08-25T19:12:45,lustifyNSFWCheckpoint_zenithV9,3319667980839940649,Shots/Consensual Upskirt,"staged reclining upskirt-style photograph of an adult woman with knees bent and skirt gathered naturally at the thighs, underwear visible in soft flattering light",Locations/Indoor,"in a quiet private library lined with dark carved shelves, leather reading chairs, brass lamps, and ladders reaching toward the ceiling",reconstructed,True,0.6602839231491089,0.532172441482544,0.6616217494010925,D:\Fooocus\Fooocus\outputs\2026-08-25\2026-08-25_19-12-45_2255.png,"1girl, staged reclining upskirt-style photograph of an adult woman with knees bent and skirt gathered naturally at the thighs, underwear visible in soft flattering light, in a quiet private library lined with dark carved shelves, leather reading chairs, brass lamps, and ladders reaching toward the ceiling"
2026-08-25_19-12-52_1176.png,2026-08-25T19:12:52,lustifyNSFWCheckpoint_zenithV9,3319667980839940650,Shots/Consensual Upskirt,"playful upward camera angle capturing an adult woman twirling a tiny pleated skirt, moving fabric framing a brief clear glimpse of coordinated panties",Locations/Indoor,"inside a spacious modern loft with exposed brick, tall industrial windows, polished concrete floors, and distant city architecture",reconstructed,True,0.5768706798553467,0.4649433493614197,0.5579345226287842,D:\Fooocus\Fooocus\outputs\2026-08-25\2026-08-25_19-12-52_1176.png,"1girl, playful upward camera angle capturing an adult woman twirling a tiny pleated skirt, moving fabric framing a brief clear glimpse of coordinated panties, inside a spacious modern loft with exposed brick, tall industrial windows, polished concrete floors, and distant city architecture"
2026-08-25_19-12-59_6975.png,2026-08-25T19:12:59,lustifyNSFWCheckpoint_zenithV9,3319667980839940651,Shots/Consensual Upskirt,"playful upward camera angle capturing an adult woman twirling a tiny pleated skirt, moving fabric framing a brief clear glimpse of coordinated panties",Locations/Indoor,"inside an elegant marble bathroom with a freestanding tub, tall mirrors, scattered candles, folded white towels, and soft steam in the air",reconstructed,True,0.6076422929763794,0.4897446036338806,0.5944452881813049,D:\Fooocus\Fooocus\outputs\2026-08-25\2026-08-25_19-12-59_6975.png,"1girl, playful upward camera angle capturing an adult woman twirling a tiny pleated skirt, moving fabric framing a brief clear glimpse of coordinated panties, inside an elegant marble bathroom with a freestanding tub, tall mirrors, scattered candles, folded white towels, and soft steam in the air"
2026-08-25_19-13-06_3460.png,2026-08-25T19:13:07,lustifyNSFWCheckpoint_zenithV9,3319667980839940652,Shots/Consensual Upskirt,"consensual over-the-knee viewpoint of an adult woman deliberately posing close to the lens, skirt hem high in the foreground and underwear visible beyond her thighs",Locations/Indoor,"inside a minimal professional photography studio with a seamless warm-gray backdrop, clean polished floor, and carefully arranged equipment out of frame",reconstructed,True,0.5927239656448364,0.4777207374572754,0.5597977638244629,D:\Fooocus\Fooocus\outputs\2026-08-25\2026-08-25_19-13-06_3460.png,"1girl, consensual over-the-knee viewpoint of an adult woman deliberately posing close to the lens, skirt hem high in the foreground and underwear visible beyond her thighs, inside a minimal professional photography studio with a seamless warm-gray backdrop, clean polished floor, and carefully arranged equipment out of frame"
2026-08-25_19-13-13_4516.png,2026-08-25T19:13:13,lustifyNSFWCheckpoint_zenithV9,3319667980839940653,Shots/Consensual Upskirt,"consensual over-the-knee viewpoint of an adult woman deliberately posing close to the lens, skirt hem high in the foreground and underwear visible beyond her thighs",Locations/Indoor,"in a private dance studio with wall-to-wall mirrors, pale wood flooring, a simple barre, and diffused daylight from high windows",reconstructed,True,0.5868237018585205,0.4729653000831604,0.5525587797164917,D:\Fooocus\Fooocus\outputs\2026-08-25\2026-08-25_19-13-13_4516.png,"1girl, consensual over-the-knee viewpoint of an adult woman deliberately posing close to the lens, skirt hem high in the foreground and underwear visible beyond her thighs, in a private dance studio with wall-to-wall mirrors, pale wood flooring, a simple barre, and diffused daylight from high windows"
2026-08-25_19-13-20_5741.png,2026-08-25T19:13:20,lustifyNSFWCheckpoint_zenithV9,3319667980839940654,Shots/Consensual Upskirt,"floor-level photograph beneath a short plaid skirt, with an adult woman aware of the camera, looking down with a teasing smile as her panties show",Locations/Indoor,"inside a minimal professional photography studio with a seamless warm-gray backdrop, clean polished floor, and carefully arranged equipment out of frame",reconstructed,True,0.6105231046676636,0.4920664429664612,0.5864337086677551,D:\Fooocus\Fooocus\outputs\2026-08-25\2026-08-25_19-13-20_5741.png,"1girl, floor-level photograph beneath a short plaid skirt, with an adult woman aware of the camera, looking down with a teasing smile as her panties show, inside a minimal professional photography studio with a seamless warm-gray backdrop, clean polished floor, and carefully arranged equipment out of frame"
2026-08-25_19-13-27_7658.png,2026-08-25T19:13:27,lustifyNSFWCheckpoint_zenithV9,3319667980839940655,Shots/Consensual Upskirt,"floor-level photograph beneath a short plaid skirt, with an adult woman aware of the camera, looking down with a teasing smile as her panties show",Locations/Indoor,"in a quiet private library lined with dark carved shelves, leather reading chairs, brass lamps, and ladders reaching toward the ceiling",reconstructed,True,0.5058532953262329,0.4077050983905792,0.49333518743515015,D:\Fooocus\Fooocus\outputs\2026-08-25\2026-08-25_19-13-27_7658.png,"1girl, floor-level photograph beneath a short plaid skirt, with an adult woman aware of the camera, looking down with a teasing smile as her panties show, in a quiet private library lined with dark carved shelves, leather reading chairs, brass lamps, and ladders reaching toward the ceiling"
2026-08-25_19-13-34_1973.png,2026-08-25T19:13:34,lustifyNSFWCheckpoint_zenithV9,3319667980839940656,Shots/Consensual Upskirt,"staged staircase upskirt-style fashion shot of an adult woman one step above the lens, looking back over her shoulder with underwear visible beneath the lifted skirt",Locations/Indoor,"inside an ornate theater balcony with red velvet railings, gilded architectural details, crystal chandeliers, and the empty auditorium beyond",reconstructed,True,0.5513640642166138,0.44438570737838745,0.519245445728302,D:\Fooocus\Fooocus\outputs\2026-08-25\2026-08-25_19-13-34_1973.png,"1girl, staged staircase upskirt-style fashion shot of an adult woman one step above the lens, looking back over her shoulder with underwear visible beneath the lifted skirt, inside an ornate theater balcony with red velvet railings, gilded architectural details, crystal chandeliers, and the empty auditorium beyond"
2026-08-25_19-13-40_5720.png,2026-08-25T19:13:41,lustifyNSFWCheckpoint_zenithV9,3319667980839940657,Shots/Consensual Upskirt,"staged staircase upskirt-style fashion shot of an adult woman one step above the lens, looking back over her shoulder with underwear visible beneath the lifted skirt",Locations/Indoor,"inside a minimal professional photography studio with a seamless warm-gray backdrop, clean polished floor, and carefully arranged equipment out of frame",reconstructed,True,0.5931421518325806,0.4780578017234802,0.5679147243499756,D:\Fooocus\Fooocus\outputs\2026-08-25\2026-08-25_19-13-40_5720.png,"1girl, staged staircase upskirt-style fashion shot of an adult woman one step above the lens, looking back over her shoulder with underwear visible beneath the lifted skirt, inside a minimal professional photography studio with a seamless warm-gray backdrop, clean polished floor, and carefully arranged equipment out of frame"
2026-08-25_19-13-47_4399.png,2026-08-25T19:13:48,lustifyNSFWCheckpoint_zenithV9,3319667980839940658,Shots/Consensual Upskirt,"teasing low-angle portrait of an adult woman holding both sides of her short skirt hem above the camera, direct playful eye contact and matching panties visible",Locations/Indoor,"inside a minimal professional photography studio with a seamless warm-gray backdrop, clean polished floor, and carefully arranged equipment out of frame",reconstructed,True,0.6175328493118286,0.4977160692214966,0.5906118154525757,D:\Fooocus\Fooocus\outputs\2026-08-25\2026-08-25_19-13-47_4399.png,"1girl, teasing low-angle portrait of an adult woman holding both sides of her short skirt hem above the camera, direct playful eye contact and matching panties visible, inside a minimal professional photography studio with a seamless warm-gray backdrop, clean polished floor, and carefully arranged equipment out of frame"
2026-08-25_19-13-54_1900.png,2026-08-25T19:13:55,lustifyNSFWCheckpoint_zenithV9,3319667980839940659,Shots/Consensual Upskirt,"teasing low-angle portrait of an adult woman holding both sides of her short skirt hem above the camera, direct playful eye contact and matching panties visible",Locations/Indoor,"in a quiet private library lined with dark carved shelves, leather reading chairs, brass lamps, and ladders reaching toward the ceiling",reconstructed,True,0.5901628136634827,0.47565650939941406,0.5447841286659241,D:\Fooocus\Fooocus\outputs\2026-08-25\2026-08-25_19-13-54_1900.png,"1girl, teasing low-angle portrait of an adult woman holding both sides of her short skirt hem above the camera, direct playful eye contact and matching panties visible, in a quiet private library lined with dark carved shelves, leather reading chairs, brass lamps, and ladders reaching toward the ceiling"
2026-08-25_19-14-01_5863.png,2026-08-25T19:14:02,lustifyNSFWCheckpoint_zenithV9,3319667980839940660,Shots/Consensual Upskirt,"cinematic consensual upskirt-style composition of an adult woman posing above the lens beneath soft backlighting, skirt fabric glowing around a tasteful underwear reveal",Locations/Indoor,"in a sophisticated hotel suite with a velvet lounge chair, warm walnut furniture, cream bedding, and discreet golden bedside lamps",reconstructed,True,0.615403950214386,0.49600017070770264,0.5755637884140015,D:\Fooocus\Fooocus\outputs\2026-08-25\2026-08-25_19-14-01_5863.png,"1girl, cinematic consensual upskirt-style composition of an adult woman posing above the lens beneath soft backlighting, skirt fabric glowing around a tasteful underwear reveal, in a sophisticated hotel suite with a velvet lounge chair, warm walnut furniture, cream bedding, and discreet golden bedside lamps"
2026-08-25_19-14-08_4059.png,2026-08-25T19:14:09,lustifyNSFWCheckpoint_zenithV9,3319667980839940661,Shots/Consensual Upskirt,"cinematic consensual upskirt-style composition of an adult woman posing above the lens beneath soft backlighting, skirt fabric glowing around a tasteful underwear reveal",Locations/Indoor,"in a private vintage train compartment with deep red velvet seats, polished wood paneling, brass fixtures, and blurred countryside beyond the window",reconstructed,True,0.5416067838668823,0.43652161955833435,0.4707679748535156,D:\Fooocus\Fooocus\outputs\2026-08-25\2026-08-25_19-14-08_4059.png,"1girl, cinematic consensual upskirt-style composition of an adult woman posing above the lens beneath soft backlighting, skirt fabric glowing around a tasteful underwear reveal, in a private vintage train compartment with deep red velvet seats, polished wood paneling, brass fixtures, and blurred countryside beyond the window"
2026-08-25_19-14-38_6312.png,2026-08-25T19:14:39,cyberrealisticXL_v100,3883764233074922191,Shots/Feet Focus,"full-body low floor-level composition with her relaxed bare feet nearest the lens, neatly polished toes in sharp focus, and her face clearly visible farther back",Locations/Indoor,"in a sophisticated hotel suite with a velvet lounge chair, warm walnut furniture, cream bedding, and discreet golden bedside lamps",reconstructed,True,0.6500717401504517,0.5239415764808655,0.5599101781845093,D:\Fooocus\Fooocus\outputs\2026-08-25\2026-08-25_19-14-38_6312.png,"1girl, in a sophisticated hotel suite with a velvet lounge chair, warm walnut furniture, cream bedding, and discreet golden bedside lamps, full-body low floor-level composition with her relaxed bare feet nearest the lens, neatly polished toes in sharp focus, and her face clearly visible farther back"
2026-08-25_19-14-45_6187.png,2026-08-25T19:14:46,cyberrealisticXL_v100,3883764233074922192,Shots/Feet Focus,"full-body low floor-level composition with her relaxed bare feet nearest the lens, neatly polished toes in sharp focus, and her face clearly visible farther back",Locations/Indoor,"in a quiet private library lined with dark carved shelves, leather reading chairs, brass lamps, and ladders reaching toward the ceiling",reconstructed,True,0.668749213218689,0.5389953851699829,0.6255564093589783,D:\Fooocus\Fooocus\outputs\2026-08-25\2026-08-25_19-14-45_6187.png,"1girl, in a quiet private library lined with dark carved shelves, leather reading chairs, brass lamps, and ladders reaching toward the ceiling, full-body low floor-level composition with her relaxed bare feet nearest the lens, neatly polished toes in sharp focus, and her face clearly visible farther back"
2026-08-25_19-14-52_7802.png,2026-08-25T19:14:53,cyberrealisticXL_v100,3883764233074922193,Shots/Feet Focus,"reclining sideways with one leg stretched toward the camera, using controlled wide-angle perspective so her bare foot and softly curled toes fill the foreground",Locations/Indoor,"in a private vintage train compartment with deep red velvet seats, polished wood paneling, brass fixtures, and blurred countryside beyond the window",reconstructed,True,0.6766347289085388,0.5453507304191589,0.6616382598876953,D:\Fooocus\Fooocus\outputs\2026-08-25\2026-08-25_19-14-52_7802.png,"1girl, in a private vintage train compartment with deep red velvet seats, polished wood paneling, brass fixtures, and blurred countryside beyond the window, reclining sideways with one leg stretched toward the camera, using controlled wide-angle perspective so her bare foot and softly curled toes fill the foreground"
2026-08-25_19-14-59_2616.png,2026-08-25T19:15:00,cyberrealisticXL_v100,3883764233074922194,Shots/Feet Focus,"reclining sideways with one leg stretched toward the camera, using controlled wide-angle perspective so her bare foot and softly curled toes fill the foreground",Locations/Indoor,"inside a luxurious vintage dressing room with an ornate full-length mirror, carved furniture, velvet seating, and warm flattering lamps",reconstructed,True,0.4850654602050781,0.39095067977905273,0.4404497742652893,D:\Fooocus\Fooocus\outputs\2026-08-25\2026-08-25_19-14-59_2616.png,"1girl, inside a luxurious vintage dressing room with an ornate full-length mirror, carved furniture, velvet seating, and warm flattering lamps, reclining sideways with one leg stretched toward the camera, using controlled wide-angle perspective so her bare foot and softly curled toes fill the foreground"
2026-08-25_19-15-06_2270.png,2026-08-25T19:15:07,cyberrealisticXL_v100,3883764233074922195,Shots/Feet Focus,"close editorial detail of both feet inside ultra-sheer pantyhose, showing the fine fabric over polished toes while the rest of her pose falls into gentle bokeh",Locations/Indoor,"inside a spacious modern loft with exposed brick, tall industrial windows, polished concrete floors, and distant city architecture",reconstructed,True,0.7220814228057861,0.5819796323776245,0.6706891655921936,D:\Fooocus\Fooocus\outputs\2026-08-25\2026-08-25_19-15-06_2270.png,"1girl, inside a spacious modern loft with exposed brick, tall industrial windows, polished concrete floors, and distant city architecture, close editorial detail of both feet inside ultra-sheer pantyhose, showing the fine fabric over polished toes while the rest of her pose falls into gentle bokeh"
2026-08-25_19-15-13_1961.png,2026-08-25T19:15:14,cyberrealisticXL_v100,3883764233074922196,Shots/Feet Focus,"close editorial detail of both feet inside ultra-sheer pantyhose, showing the fine fabric over polished toes while the rest of her pose falls into gentle bokeh",Locations/Indoor,"in a private vintage train compartment with deep red velvet seats, polished wood paneling, brass fixtures, and blurred countryside beyond the window",reconstructed,True,0.668954610824585,0.5391606688499451,0.6085319519042969,D:\Fooocus\Fooocus\outputs\2026-08-25\2026-08-25_19-15-13_1961.png,"1girl, in a private vintage train compartment with deep red velvet seats, polished wood paneling, brass fixtures, and blurred countryside beyond the window, close editorial detail of both feet inside ultra-sheer pantyhose, showing the fine fabric over polished toes while the rest of her pose falls into gentle bokeh"
2026-08-25_19-15-20_5699.png,2026-08-25T19:15:21,cyberrealisticXL_v100,3883764233074922197,Shots/Feet Focus,"lying on her stomach with ankles crossed and both feet kicked up behind her, bare soles facing the camera while she looks back with a teasing smile",Locations/Indoor,"inside an airy sunlit bedroom with rumpled white linen, gauzy curtains, pale wood floors, and soft morning light pouring through tall windows",reconstructed,True,0.674723744392395,0.5438105463981628,0.6121188402175903,D:\Fooocus\Fooocus\outputs\2026-08-25\2026-08-25_19-15-20_5699.png,"1girl, inside an airy sunlit bedroom with rumpled white linen, gauzy curtains, pale wood floors, and soft morning light pouring through tall windows, lying on her stomach with ankles crossed and both feet kicked up behind her, bare soles facing the camera while she looks back with a teasing smile"
2026-08-25_19-15-27_3004.png,2026-08-25T19:15:28,cyberrealisticXL_v100,3883764233074922198,Shots/Feet Focus,"lying on her stomach with ankles crossed and both feet kicked up behind her, bare soles facing the camera while she looks back with a teasing smile",Locations/Indoor,"inside an elegant marble bathroom with a freestanding tub, tall mirrors, scattered candles, folded white towels, and soft steam in the air",reconstructed,True,0.7067596912384033,0.5696307420730591,0.6657427549362183,D:\Fooocus\Fooocus\outputs\2026-08-25\2026-08-25_19-15-27_3004.png,"1girl, inside an elegant marble bathroom with a freestanding tub, tall mirrors, scattered candles, folded white towels, and soft steam in the air, lying on her stomach with ankles crossed and both feet kicked up behind her, bare soles facing the camera while she looks back with a teasing smile"
2026-08-25_19-15-34_7092.png,2026-08-25T19:15:35,cyberrealisticXL_v100,3883764233074922199,Shots/Feet Focus,"top-down fashion composition centered on her bare feet against a richly textured rug, ankles close together and toes naturally relaxed",Locations/Indoor,"inside a luxurious penthouse living room overlooking glittering city lights through floor-to-ceiling windows, with sculptural furniture and dark polished stone",reconstructed,True,0.681676983833313,0.5494146347045898,0.6104501485824585,D:\Fooocus\Fooocus\outputs\2026-08-25\2026-08-25_19-15-34_7092.png,"1girl, inside a luxurious penthouse living room overlooking glittering city lights through floor-to-ceiling windows, with sculptural furniture and dark polished stone, top-down fashion composition centered on her bare feet against a richly textured rug, ankles close together and toes naturally relaxed"
2026-08-25_19-15-41_3782.png,2026-08-25T19:15:42,cyberrealisticXL_v100,3883764233074922200,Shots/Feet Focus,"top-down fashion composition centered on her bare feet against a richly textured rug, ankles close together and toes naturally relaxed",Locations/Indoor,"inside a luxurious penthouse living room overlooking glittering city lights through floor-to-ceiling windows, with sculptural furniture and dark polished stone",reconstructed,True,0.7291882038116455,0.5877074599266052,0.6898989081382751,D:\Fooocus\Fooocus\outputs\2026-08-25\2026-08-25_19-15-41_3782.png,"1girl, inside a luxurious penthouse living room overlooking glittering city lights through floor-to-ceiling windows, with sculptural furniture and dark polished stone, top-down fashion composition centered on her bare feet against a richly textured rug, ankles close together and toes naturally relaxed"
2026-08-25_19-15-48_6988.png,2026-08-25T19:15:49,cyberrealisticXL_v100,3883764233074922201,Shots/Feet Focus,"elegant side-profile close-up of one arched bare foot with pointed toes, clean ankle line, soft skin detail, and flattering diffused light",Locations/Indoor,"in a quiet private library lined with dark carved shelves, leather reading chairs, brass lamps, and ladders reaching toward the ceiling",reconstructed,True,0.569919228553772,0.4593407213687897,0.5819655060768127,D:\Fooocus\Fooocus\outputs\2026-08-25\2026-08-25_19-15-48_6988.png,"1girl, in a quiet private library lined with dark carved shelves, leather reading chairs, brass lamps, and ladders reaching toward the ceiling, elegant side-profile close-up of one arched bare foot with pointed toes, clean ankle line, soft skin detail, and flattering diffused light"
2026-08-25_19-15-55_2619.png,2026-08-25T19:15:56,cyberrealisticXL_v100,3883764233074922202,Shots/Feet Focus,"elegant side-profile close-up of one arched bare foot with pointed toes, clean ankle line, soft skin detail, and flattering diffused light",Locations/Indoor,"inside an airy sunlit bedroom with rumpled white linen, gauzy curtains, pale wood floors, and soft morning light pouring through tall windows",reconstructed,True,0.7068471908569336,0.5697011351585388,0.6863913536071777,D:\Fooocus\Fooocus\outputs\2026-08-25\2026-08-25_19-15-55_2619.png,"1girl, inside an airy sunlit bedroom with rumpled white linen, gauzy curtains, pale wood floors, and soft morning light pouring through tall windows, elegant side-profile close-up of one arched bare foot with pointed toes, clean ankle line, soft skin detail, and flattering diffused light"
2026-08-25_19-16-02_1707.png,2026-08-25T19:16:02,cyberrealisticXL_v100,3883764233074922203,Shots/Feet Focus,"playful forced-perspective portrait with one bare foot reaching toward the camera, toes nearest the lens and her amused expression visible beyond it",Locations/Indoor,"inside a luxurious vintage dressing room with an ornate full-length mirror, carved furniture, velvet seating, and warm flattering lamps",reconstructed,True,0.6158142685890198,0.4963308572769165,0.5892741680145264,D:\Fooocus\Fooocus\outputs\2026-08-25\2026-08-25_19-16-02_1707.png,"1girl, inside a luxurious vintage dressing room with an ornate full-length mirror, carved furniture, velvet seating, and warm flattering lamps, playful forced-perspective portrait with one bare foot reaching toward the camera, toes nearest the lens and her amused expression visible beyond it"
2026-08-25_19-16-09_4420.png,2026-08-25T19:16:09,cyberrealisticXL_v100,3883764233074922204,Shots/Feet Focus,"playful forced-perspective portrait with one bare foot reaching toward the camera, toes nearest the lens and her amused expression visible beyond it",Locations/Indoor,"in a sophisticated hotel suite with a velvet lounge chair, warm walnut furniture, cream bedding, and discreet golden bedside lamps",reconstructed,True,0.6721153259277344,0.5417082905769348,0.6300948858261108,D:\Fooocus\Fooocus\outputs\2026-08-25\2026-08-25_19-16-09_4420.png,"1girl, in a sophisticated hotel suite with a velvet lounge chair, warm walnut furniture, cream bedding, and discreet golden bedside lamps, playful forced-perspective portrait with one bare foot reaching toward the camera, toes nearest the lens and her amused expression visible beyond it"
2026-08-25_19-16-16_2056.png,2026-08-25T19:16:17,cyberrealisticXL_v100,3883764233074922205,Shots/Feet Focus,"close beauty shot of both stockinged feet resting together on velvet, capturing sheer fabric texture, delicate toe shapes, and a subtle polished sheen",Locations/Indoor,"inside a luxurious vintage dressing room with an ornate full-length mirror, carved furniture, velvet seating, and warm flattering lamps",reconstructed,True,0.6478034257888794,0.522113561630249,0.6503127813339233,D:\Fooocus\Fooocus\outputs\2026-08-25\2026-08-25_19-16-16_2056.png,"1girl, inside a luxurious vintage dressing room with an ornate full-length mirror, carved furniture, velvet seating, and warm flattering lamps, close beauty shot of both stockinged feet resting together on velvet, capturing sheer fabric texture, delicate toe shapes, and a subtle polished sheen"
2026-08-25_19-16-23_7989.png,2026-08-25T19:16:23,cyberrealisticXL_v100,3883764233074922206,Shots/Feet Focus,"close beauty shot of both stockinged feet resting together on velvet, capturing sheer fabric texture, delicate toe shapes, and a subtle polished sheen",Locations/Indoor,"inside a minimal professional photography studio with a seamless warm-gray backdrop, clean polished floor, and carefully arranged equipment out of frame",reconstructed,True,0.7007543444633484,0.5647904872894287,0.6582669019699097,D:\Fooocus\Fooocus\outputs\2026-08-25\2026-08-25_19-16-23_7989.png,"1girl, inside a minimal professional photography studio with a seamless warm-gray backdrop, clean polished floor, and carefully arranged equipment out of frame, close beauty shot of both stockinged feet resting together on velvet, capturing sheer fabric texture, delicate toe shapes, and a subtle polished sheen"
2026-08-25_19-16-29_7751.png,2026-08-25T19:16:29,cyberrealisticXL_v100,3883764233074922207,Shots/Feet Focus,"cinematic floor-level photograph timed during a slow barefoot step, with one lifted heel, natural toe movement, and the full figure balanced in the background",Locations/Indoor,"inside a minimal professional photography studio with a seamless warm-gray backdrop, clean polished floor, and carefully arranged equipment out of frame",reconstructed,True,0.6336201429367065,0.5106819868087769,0.6314617991447449,D:\Fooocus\Fooocus\outputs\2026-08-25\2026-08-25_19-16-29_7751.png,"1girl, inside a minimal professional photography studio with a seamless warm-gray backdrop, clean polished floor, and carefully arranged equipment out of frame, cinematic floor-level photograph timed during a slow barefoot step, with one lifted heel, natural toe movement, and the full figure balanced in the background"
2026-08-25_19-16-35_6544.png,2026-08-25T19:16:36,cyberrealisticXL_v100,3883764233074922208,Shots/Feet Focus,"cinematic floor-level photograph timed during a slow barefoot step, with one lifted heel, natural toe movement, and the full figure balanced in the background",Locations/Indoor,"inside a minimal professional photography studio with a seamless warm-gray backdrop, clean polished floor, and carefully arranged equipment out of frame",reconstructed,True,0.7063440084457397,0.5692956447601318,0.6864922046661377,D:\Fooocus\Fooocus\outputs\2026-08-25\2026-08-25_19-16-35_6544.png,"1girl, inside a minimal professional photography studio with a seamless warm-gray backdrop, clean polished floor, and carefully arranged equipment out of frame, cinematic floor-level photograph timed during a slow barefoot step, with one lifted heel, natural toe movement, and the full figure balanced in the background"
2026-08-25_19-16-42_7011.png,2026-08-25T19:16:42,cyberrealisticXL_v100,3883764233074922209,Shots/Feet Focus,"intimate macro detail of polished toes curling gently against rumpled white linen, with shallow depth of field and soft warm highlights",Locations/Indoor,"inside a luxurious penthouse living room overlooking glittering city lights through floor-to-ceiling windows, with sculptural furniture and dark polished stone",reconstructed,True,0.7228014469146729,0.5825599431991577,0.6882326006889343,D:\Fooocus\Fooocus\outputs\2026-08-25\2026-08-25_19-16-42_7011.png,"1girl, inside a luxurious penthouse living room overlooking glittering city lights through floor-to-ceiling windows, with sculptural furniture and dark polished stone, intimate macro detail of polished toes curling gently against rumpled white linen, with shallow depth of field and soft warm highlights"
2026-08-25_19-16-48_1378.png,2026-08-25T19:16:48,cyberrealisticXL_v100,3883764233074922210,Shots/Feet Focus,"intimate macro detail of polished toes curling gently against rumpled white linen, with shallow depth of field and soft warm highlights",Locations/Indoor,"inside a spacious modern loft with exposed brick, tall industrial windows, polished concrete floors, and distant city architecture",reconstructed,True,0.6951282024383545,0.5602560639381409,0.6394308805465698,D:\Fooocus\Fooocus\outputs\2026-08-25\2026-08-25_19-16-48_1378.png,"1girl, inside a spacious modern loft with exposed brick, tall industrial windows, polished concrete floors, and distant city architecture, intimate macro detail of polished toes curling gently against rumpled white linen, with shallow depth of field and soft warm highlights"
2026-08-25_19-16-54_7461.png,2026-08-25T19:16:54,cyberrealisticXL_v100,3883764233074922211,Shots/Feet Focus,"symmetrical reclining composition with both bare soles nearest the lens, legs extending away from the camera, and her upper body centered in the distance",Locations/Indoor,"in a sophisticated hotel suite with a velvet lounge chair, warm walnut furniture, cream bedding, and discreet golden bedside lamps",reconstructed,True,0.71895831823349,0.5794624090194702,0.6790631413459778,D:\Fooocus\Fooocus\outputs\2026-08-25\2026-08-25_19-16-54_7461.png,"1girl, in a sophisticated hotel suite with a velvet lounge chair, warm walnut furniture, cream bedding, and discreet golden bedside lamps, symmetrical reclining composition with both bare soles nearest the lens, legs extending away from the camera, and her upper body centered in the distance"
2026-08-25_19-17-00_7211.png,2026-08-25T19:17:00,cyberrealisticXL_v100,3883764233074922212,Shots/Feet Focus,"symmetrical reclining composition with both bare soles nearest the lens, legs extending away from the camera, and her upper body centered in the distance",Locations/Indoor,"inside an airy sunlit bedroom with rumpled white linen, gauzy curtains, pale wood floors, and soft morning light pouring through tall windows",reconstructed,True,0.7504175901412964,0.6048178672790527,0.701349139213562,D:\Fooocus\Fooocus\outputs\2026-08-25\2026-08-25_19-17-00_7211.png,"1girl, inside an airy sunlit bedroom with rumpled white linen, gauzy curtains, pale wood floors, and soft morning light pouring through tall windows, symmetrical reclining composition with both bare soles nearest the lens, legs extending away from the camera, and her upper body centered in the distance"
2026-08-25_19-17-06_2055.png,2026-08-25T19:17:06,cyberrealisticXL_v100,3883764233074922213,Shots/Feet Focus,"warm backlit full-body silhouette emphasizing elegant feet and ankles as she rises onto tiptoe, with a crisp rim of golden light around her figure",Locations/Indoor,"inside a luxurious penthouse living room overlooking glittering city lights through floor-to-ceiling windows, with sculptural furniture and dark polished stone",reconstructed,True,0.5948353409767151,0.4794224202632904,0.5815447568893433,D:\Fooocus\Fooocus\outputs\2026-08-25\2026-08-25_19-17-06_2055.png,"1girl, inside a luxurious penthouse living room overlooking glittering city lights through floor-to-ceiling windows, with sculptural furniture and dark polished stone, warm backlit full-body silhouette emphasizing elegant feet and ankles as she rises onto tiptoe, with a crisp rim of golden light around her figure"
2026-08-25_19-17-12_9430.png,2026-08-25T19:17:12,cyberrealisticXL_v100,3883764233074922214,Shots/Feet Focus,"warm backlit full-body silhouette emphasizing elegant feet and ankles as she rises onto tiptoe, with a crisp rim of golden light around her figure",Locations/Indoor,"inside an airy sunlit bedroom with rumpled white linen, gauzy curtains, pale wood floors, and soft morning light pouring through tall windows",reconstructed,True,0.629472017288208,0.5073387622833252,0.6375308632850647,D:\Fooocus\Fooocus\outputs\2026-08-25\2026-08-25_19-17-12_9430.png,"1girl, inside an airy sunlit bedroom with rumpled white linen, gauzy curtains, pale wood floors, and soft morning light pouring through tall windows, warm backlit full-body silhouette emphasizing elegant feet and ankles as she rises onto tiptoe, with a crisp rim of golden light around her figure"
2026-08-25_19-17-32_6312.png,2026-08-25T19:17:32,lifeIsGood_v1,3883764233074922191,Shots/Feet Focus,"full-body low floor-level composition with her relaxed bare feet nearest the lens, neatly polished toes in sharp focus, and her face clearly visible farther back",Locations/Indoor,"in a sophisticated hotel suite with a velvet lounge chair, warm walnut furniture, cream bedding, and discreet golden bedside lamps",reconstructed,True,0.6498406529426575,0.5237553715705872,0.6032953858375549,D:\Fooocus\Fooocus\outputs\2026-08-25\2026-08-25_19-17-32_6312.png,"1girl, in a sophisticated hotel suite with a velvet lounge chair, warm walnut furniture, cream bedding, and discreet golden bedside lamps, full-body low floor-level composition with her relaxed bare feet nearest the lens, neatly polished toes in sharp focus, and her face clearly visible farther back"
2026-08-25_19-17-38_6187.png,2026-08-25T19:17:38,lifeIsGood_v1,3883764233074922192,Shots/Feet Focus,"full-body low floor-level composition with her relaxed bare feet nearest the lens, neatly polished toes in sharp focus, and her face clearly visible farther back",Locations/Indoor,"in a quiet private library lined with dark carved shelves, leather reading chairs, brass lamps, and ladders reaching toward the ceiling",reconstructed,True,0.6887178421020508,0.5550893545150757,0.6137911081314087,D:\Fooocus\Fooocus\outputs\2026-08-25\2026-08-25_19-17-38_6187.png,"1girl, in a quiet private library lined with dark carved shelves, leather reading chairs, brass lamps, and ladders reaching toward the ceiling, full-body low floor-level composition with her relaxed bare feet nearest the lens, neatly polished toes in sharp focus, and her face clearly visible farther back"
2026-08-25_19-17-44_7802.png,2026-08-25T19:17:44,lifeIsGood_v1,3883764233074922193,Shots/Feet Focus,"reclining sideways with one leg stretched toward the camera, using controlled wide-angle perspective so her bare foot and softly curled toes fill the foreground",Locations/Indoor,"in a private vintage train compartment with deep red velvet seats, polished wood paneling, brass fixtures, and blurred countryside beyond the window",reconstructed,True,0.6415770649909973,0.5170950293540955,0.5895721912384033,D:\Fooocus\Fooocus\outputs\2026-08-25\2026-08-25_19-17-44_7802.png,"1girl, in a private vintage train compartment with deep red velvet seats, polished wood paneling, brass fixtures, and blurred countryside beyond the window, reclining sideways with one leg stretched toward the camera, using controlled wide-angle perspective so her bare foot and softly curled toes fill the foreground"
2026-08-25_19-17-50_2616.png,2026-08-25T19:17:51,lifeIsGood_v1,3883764233074922194,Shots/Feet Focus,"reclining sideways with one leg stretched toward the camera, using controlled wide-angle perspective so her bare foot and softly curled toes fill the foreground",Locations/Indoor,"inside a luxurious vintage dressing room with an ornate full-length mirror, carved furniture, velvet seating, and warm flattering lamps",reconstructed,True,0.6871946454048157,0.5538617372512817,0.6686139106750488,D:\Fooocus\Fooocus\outputs\2026-08-25\2026-08-25_19-17-50_2616.png,"1girl, inside a luxurious vintage dressing room with an ornate full-length mirror, carved furniture, velvet seating, and warm flattering lamps, reclining sideways with one leg stretched toward the camera, using controlled wide-angle perspective so her bare foot and softly curled toes fill the foreground"
2026-08-25_19-17-56_2270.png,2026-08-25T19:17:57,lifeIsGood_v1,3883764233074922195,Shots/Feet Focus,"close editorial detail of both feet inside ultra-sheer pantyhose, showing the fine fabric over polished toes while the rest of her pose falls into gentle bokeh",Locations/Indoor,"inside a spacious modern loft with exposed brick, tall industrial windows, polished concrete floors, and distant city architecture",reconstructed,True,0.6345475912094116,0.5114295482635498,0.5807685256004333,D:\Fooocus\Fooocus\outputs\2026-08-25\2026-08-25_19-17-56_2270.png,"1girl, inside a spacious modern loft with exposed brick, tall industrial windows, polished concrete floors, and distant city architecture, close editorial detail of both feet inside ultra-sheer pantyhose, showing the fine fabric over polished toes while the rest of her pose falls into gentle bokeh"
2026-08-25_19-18-03_1961.png,2026-08-25T19:18:03,lifeIsGood_v1,3883764233074922196,Shots/Feet Focus,"close editorial detail of both feet inside ultra-sheer pantyhose, showing the fine fabric over polished toes while the rest of her pose falls into gentle bokeh",Locations/Indoor,"in a private vintage train compartment with deep red velvet seats, polished wood paneling, brass fixtures, and blurred countryside beyond the window",reconstructed,True,0.6849551796913147,0.5520567893981934,0.6419550776481628,D:\Fooocus\Fooocus\outputs\2026-08-25\2026-08-25_19-18-03_1961.png,"1girl, in a private vintage train compartment with deep red velvet seats, polished wood paneling, brass fixtures, and blurred countryside beyond the window, close editorial detail of both feet inside ultra-sheer pantyhose, showing the fine fabric over polished toes while the rest of her pose falls into gentle bokeh"
2026-08-25_19-18-09_5699.png,2026-08-25T19:18:09,lifeIsGood_v1,3883764233074922197,Shots/Feet Focus,"lying on her stomach with ankles crossed and both feet kicked up behind her, bare soles facing the camera while she looks back with a teasing smile",Locations/Indoor,"inside an airy sunlit bedroom with rumpled white linen, gauzy curtains, pale wood floors, and soft morning light pouring through tall windows",reconstructed,True,0.6227914690971375,0.5019543766975403,0.5901480913162231,D:\Fooocus\Fooocus\outputs\2026-08-25\2026-08-25_19-18-09_5699.png,"1girl, inside an airy sunlit bedroom with rumpled white linen, gauzy curtains, pale wood floors, and soft morning light pouring through tall windows, lying on her stomach with ankles crossed and both feet kicked up behind her, bare soles facing the camera while she looks back with a teasing smile"
2026-08-25_19-18-15_3004.png,2026-08-25T19:18:15,lifeIsGood_v1,3883764233074922198,Shots/Feet Focus,"lying on her stomach with ankles crossed and both feet kicked up behind her, bare soles facing the camera while she looks back with a teasing smile",Locations/Indoor,"inside an elegant marble bathroom with a freestanding tub, tall mirrors, scattered candles, folded white towels, and soft steam in the air",reconstructed,True,0.6304658651351929,0.5081398487091064,0.591846764087677,D:\Fooocus\Fooocus\outputs\2026-08-25\2026-08-25_19-18-15_3004.png,"1girl, inside an elegant marble bathroom with a freestanding tub, tall mirrors, scattered candles, folded white towels, and soft steam in the air, lying on her stomach with ankles crossed and both feet kicked up behind her, bare soles facing the camera while she looks back with a teasing smile"
2026-08-25_19-18-21_7092.png,2026-08-25T19:18:21,lifeIsGood_v1,3883764233074922199,Shots/Feet Focus,"top-down fashion composition centered on her bare feet against a richly textured rug, ankles close together and toes naturally relaxed",Locations/Indoor,"inside a luxurious penthouse living room overlooking glittering city lights through floor-to-ceiling windows, with sculptural furniture and dark polished stone",reconstructed,True,0.6688248515129089,0.5390561819076538,0.647446870803833,D:\Fooocus\Fooocus\outputs\2026-08-25\2026-08-25_19-18-21_7092.png,"1girl, inside a luxurious penthouse living room overlooking glittering city lights through floor-to-ceiling windows, with sculptural furniture and dark polished stone, top-down fashion composition centered on her bare feet against a richly textured rug, ankles close together and toes naturally relaxed"
2026-08-25_19-18-27_3782.png,2026-08-25T19:18:28,lifeIsGood_v1,3883764233074922200,Shots/Feet Focus,"top-down fashion composition centered on her bare feet against a richly textured rug, ankles close together and toes naturally relaxed",Locations/Indoor,"inside a luxurious penthouse living room overlooking glittering city lights through floor-to-ceiling windows, with sculptural furniture and dark polished stone",reconstructed,True,0.6871717572212219,0.5538432598114014,0.650417685508728,D:\Fooocus\Fooocus\outputs\2026-08-25\2026-08-25_19-18-27_3782.png,"1girl, inside a luxurious penthouse living room overlooking glittering city lights through floor-to-ceiling windows, with sculptural furniture and dark polished stone, top-down fashion composition centered on her bare feet against a richly textured rug, ankles close together and toes naturally relaxed"
2026-08-25_19-18-34_6988.png,2026-08-25T19:18:34,lifeIsGood_v1,3883764233074922201,Shots/Feet Focus,"elegant side-profile close-up of one arched bare foot with pointed toes, clean ankle line, soft skin detail, and flattering diffused light",Locations/Indoor,"in a quiet private library lined with dark carved shelves, leather reading chairs, brass lamps, and ladders reaching toward the ceiling",reconstructed,True,0.6668000221252441,0.5374242067337036,0.6112467050552368,D:\Fooocus\Fooocus\outputs\2026-08-25\2026-08-25_19-18-34_6988.png,"1girl, in a quiet private library lined with dark carved shelves, leather reading chairs, brass lamps, and ladders reaching toward the ceiling, elegant side-profile close-up of one arched bare foot with pointed toes, clean ankle line, soft skin detail, and flattering diffused light"
2026-08-25_19-18-40_2619.png,2026-08-25T19:18:40,lifeIsGood_v1,3883764233074922202,Shots/Feet Focus,"elegant side-profile close-up of one arched bare foot with pointed toes, clean ankle line, soft skin detail, and flattering diffused light",Locations/Indoor,"inside an airy sunlit bedroom with rumpled white linen, gauzy curtains, pale wood floors, and soft morning light pouring through tall windows",reconstructed,True,0.7359933853149414,0.5931923985481262,0.7074985504150391,D:\Fooocus\Fooocus\outputs\2026-08-25\2026-08-25_19-18-40_2619.png,"1girl, inside an airy sunlit bedroom with rumpled white linen, gauzy curtains, pale wood floors, and soft morning light pouring through tall windows, elegant side-profile close-up of one arched bare foot with pointed toes, clean ankle line, soft skin detail, and flattering diffused light"
2026-08-25_19-18-46_1707.png,2026-08-25T19:18:47,lifeIsGood_v1,3883764233074922203,Shots/Feet Focus,"playful forced-perspective portrait with one bare foot reaching toward the camera, toes nearest the lens and her amused expression visible beyond it",Locations/Indoor,"inside a luxurious vintage dressing room with an ornate full-length mirror, carved furniture, velvet seating, and warm flattering lamps",reconstructed,True,0.597520649433136,0.4815867245197296,0.5644033551216125,D:\Fooocus\Fooocus\outputs\2026-08-25\2026-08-25_19-18-46_1707.png,"1girl, inside a luxurious vintage dressing room with an ornate full-length mirror, carved furniture, velvet seating, and warm flattering lamps, playful forced-perspective portrait with one bare foot reaching toward the camera, toes nearest the lens and her amused expression visible beyond it"
2026-08-25_19-18-53_4420.png,2026-08-25T19:18:54,lifeIsGood_v1,3883764233074922204,Shots/Feet Focus,"playful forced-perspective portrait with one bare foot reaching toward the camera, toes nearest the lens and her amused expression visible beyond it",Locations/Indoor,"in a sophisticated hotel suite with a velvet lounge chair, warm walnut furniture, cream bedding, and discreet golden bedside lamps",reconstructed,True,0.7362047433853149,0.59336256980896,0.6667543053627014,D:\Fooocus\Fooocus\outputs\2026-08-25\2026-08-25_19-18-53_4420.png,"1girl, in a sophisticated hotel suite with a velvet lounge chair, warm walnut furniture, cream bedding, and discreet golden bedside lamps, playful forced-perspective portrait with one bare foot reaching toward the camera, toes nearest the lens and her amused expression visible beyond it"
2026-08-25_19-19-01_2056.png,2026-08-25T19:19:01,lifeIsGood_v1,3883764233074922205,Shots/Feet Focus,"close beauty shot of both stockinged feet resting together on velvet, capturing sheer fabric texture, delicate toe shapes, and a subtle polished sheen",Locations/Indoor,"inside a luxurious vintage dressing room with an ornate full-length mirror, carved furniture, velvet seating, and warm flattering lamps",reconstructed,True,0.693612277507782,0.5590341687202454,0.6676191091537476,D:\Fooocus\Fooocus\outputs\2026-08-25\2026-08-25_19-19-01_2056.png,"1girl, inside a luxurious vintage dressing room with an ornate full-length mirror, carved furniture, velvet seating, and warm flattering lamps, close beauty shot of both stockinged feet resting together on velvet, capturing sheer fabric texture, delicate toe shapes, and a subtle polished sheen"
2026-08-25_19-19-08_7989.png,2026-08-25T19:19:08,lifeIsGood_v1,3883764233074922206,Shots/Feet Focus,"close beauty shot of both stockinged feet resting together on velvet, capturing sheer fabric texture, delicate toe shapes, and a subtle polished sheen",Locations/Indoor,"inside a minimal professional photography studio with a seamless warm-gray backdrop, clean polished floor, and carefully arranged equipment out of frame",reconstructed,True,0.67366623878479,0.5429580807685852,0.6090160608291626,D:\Fooocus\Fooocus\outputs\2026-08-25\2026-08-25_19-19-08_7989.png,"1girl, inside a minimal professional photography studio with a seamless warm-gray backdrop, clean polished floor, and carefully arranged equipment out of frame, close beauty shot of both stockinged feet resting together on velvet, capturing sheer fabric texture, delicate toe shapes, and a subtle polished sheen"
2026-08-25_19-19-15_7751.png,2026-08-25T19:19:15,lifeIsGood_v1,3883764233074922207,Shots/Feet Focus,"cinematic floor-level photograph timed during a slow barefoot step, with one lifted heel, natural toe movement, and the full figure balanced in the background",Locations/Indoor,"inside a minimal professional photography studio with a seamless warm-gray backdrop, clean polished floor, and carefully arranged equipment out of frame",reconstructed,True,0.6257071495056152,0.5043043494224548,0.5688636302947998,D:\Fooocus\Fooocus\outputs\2026-08-25\2026-08-25_19-19-15_7751.png,"1girl, inside a minimal professional photography studio with a seamless warm-gray backdrop, clean polished floor, and carefully arranged equipment out of frame, cinematic floor-level photograph timed during a slow barefoot step, with one lifted heel, natural toe movement, and the full figure balanced in the background"
2026-08-25_19-19-21_6544.png,2026-08-25T19:19:22,lifeIsGood_v1,3883764233074922208,Shots/Feet Focus,"cinematic floor-level photograph timed during a slow barefoot step, with one lifted heel, natural toe movement, and the full figure balanced in the background",Locations/Indoor,"inside a minimal professional photography studio with a seamless warm-gray backdrop, clean polished floor, and carefully arranged equipment out of frame",reconstructed,True,0.6616591811180115,0.5332807898521423,0.6493936777114868,D:\Fooocus\Fooocus\outputs\2026-08-25\2026-08-25_19-19-21_6544.png,"1girl, inside a minimal professional photography studio with a seamless warm-gray backdrop, clean polished floor, and carefully arranged equipment out of frame, cinematic floor-level photograph timed during a slow barefoot step, with one lifted heel, natural toe movement, and the full figure balanced in the background"
2026-08-25_19-19-28_7011.png,2026-08-25T19:19:29,lifeIsGood_v1,3883764233074922209,Shots/Feet Focus,"intimate macro detail of polished toes curling gently against rumpled white linen, with shallow depth of field and soft warm highlights",Locations/Indoor,"inside a luxurious penthouse living room overlooking glittering city lights through floor-to-ceiling windows, with sculptural furniture and dark polished stone",reconstructed,True,0.7147272825241089,0.5760524272918701,0.6664361953735352,D:\Fooocus\Fooocus\outputs\2026-08-25\2026-08-25_19-19-28_7011.png,"1girl, inside a luxurious penthouse living room overlooking glittering city lights through floor-to-ceiling windows, with sculptural furniture and dark polished stone, intimate macro detail of polished toes curling gently against rumpled white linen, with shallow depth of field and soft warm highlights"
2026-08-25_19-19-35_1378.png,2026-08-25T19:19:36,lifeIsGood_v1,3883764233074922210,Shots/Feet Focus,"intimate macro detail of polished toes curling gently against rumpled white linen, with shallow depth of field and soft warm highlights",Locations/Indoor,"inside a spacious modern loft with exposed brick, tall industrial windows, polished concrete floors, and distant city architecture",reconstructed,True,0.7070189714431763,0.569839596748352,0.6451637744903564,D:\Fooocus\Fooocus\outputs\2026-08-25\2026-08-25_19-19-35_1378.png,"1girl, inside a spacious modern loft with exposed brick, tall industrial windows, polished concrete floors, and distant city architecture, intimate macro detail of polished toes curling gently against rumpled white linen, with shallow depth of field and soft warm highlights"
2026-08-25_19-19-42_7461.png,2026-08-25T19:19:43,lifeIsGood_v1,3883764233074922211,Shots/Feet Focus,"symmetrical reclining composition with both bare soles nearest the lens, legs extending away from the camera, and her upper body centered in the distance",Locations/Indoor,"in a sophisticated hotel suite with a velvet lounge chair, warm walnut furniture, cream bedding, and discreet golden bedside lamps",reconstructed,True,0.6645399928092957,0.5356026291847229,0.6459282040596008,D:\Fooocus\Fooocus\outputs\2026-08-25\2026-08-25_19-19-42_7461.png,"1girl, in a sophisticated hotel suite with a velvet lounge chair, warm walnut furniture, cream bedding, and discreet golden bedside lamps, symmetrical reclining composition with both bare soles nearest the lens, legs extending away from the camera, and her upper body centered in the distance"
2026-08-25_19-19-49_7211.png,2026-08-25T19:19:50,lifeIsGood_v1,3883764233074922212,Shots/Feet Focus,"symmetrical reclining composition with both bare soles nearest the lens, legs extending away from the camera, and her upper body centered in the distance",Locations/Indoor,"inside an airy sunlit bedroom with rumpled white linen, gauzy curtains, pale wood floors, and soft morning light pouring through tall windows",reconstructed,True,0.7012409567832947,0.5651827454566956,0.6770266890525818,D:\Fooocus\Fooocus\outputs\2026-08-25\2026-08-25_19-19-49_7211.png,"1girl, inside an airy sunlit bedroom with rumpled white linen, gauzy curtains, pale wood floors, and soft morning light pouring through tall windows, symmetrical reclining composition with both bare soles nearest the lens, legs extending away from the camera, and her upper body centered in the distance"
2026-08-25_19-19-56_2055.png,2026-08-25T19:19:57,lifeIsGood_v1,3883764233074922213,Shots/Feet Focus,"warm backlit full-body silhouette emphasizing elegant feet and ankles as she rises onto tiptoe, with a crisp rim of golden light around her figure",Locations/Indoor,"inside a luxurious penthouse living room overlooking glittering city lights through floor-to-ceiling windows, with sculptural furniture and dark polished stone",reconstructed,True,0.6531776189804077,0.5264449119567871,0.6270144581794739,D:\Fooocus\Fooocus\outputs\2026-08-25\2026-08-25_19-19-56_2055.png,"1girl, inside a luxurious penthouse living room overlooking glittering city lights through floor-to-ceiling windows, with sculptural furniture and dark polished stone, warm backlit full-body silhouette emphasizing elegant feet and ankles as she rises onto tiptoe, with a crisp rim of golden light around her figure"
2026-08-25_19-20-04_9430.png,2026-08-25T19:20:04,lifeIsGood_v1,3883764233074922214,Shots/Feet Focus,"warm backlit full-body silhouette emphasizing elegant feet and ankles as she rises onto tiptoe, with a crisp rim of golden light around her figure",Locations/Indoor,"inside an airy sunlit bedroom with rumpled white linen, gauzy curtains, pale wood floors, and soft morning light pouring through tall windows",reconstructed,True,0.6788697242736816,0.547152042388916,0.602586030960083,D:\Fooocus\Fooocus\outputs\2026-08-25\2026-08-25_19-20-04_9430.png,"1girl, inside an airy sunlit bedroom with rumpled white linen, gauzy curtains, pale wood floors, and soft morning light pouring through tall windows, warm backlit full-body silhouette emphasizing elegant feet and ankles as she rises onto tiptoe, with a crisp rim of golden light around her figure"
2026-08-25_19-20-32_6312.png,2026-08-25T19:20:33,juggernautXL_ragnarok,3883764233074922191,Shots/Feet Focus,"full-body low floor-level composition with her relaxed bare feet nearest the lens, neatly polished toes in sharp focus, and her face clearly visible farther back",Locations/Indoor,"in a sophisticated hotel suite with a velvet lounge chair, warm walnut furniture, cream bedding, and discreet golden bedside lamps",reconstructed,True,0.6484178304672241,0.5226085782051086,0.5841894745826721,D:\Fooocus\Fooocus\outputs\2026-08-25\2026-08-25_19-20-32_6312.png,"1girl, in a sophisticated hotel suite with a velvet lounge chair, warm walnut furniture, cream bedding, and discreet golden bedside lamps, full-body low floor-level composition with her relaxed bare feet nearest the lens, neatly polished toes in sharp focus, and her face clearly visible farther back"
2026-08-25_19-20-39_6187.png,2026-08-25T19:20:40,juggernautXL_ragnarok,3883764233074922192,Shots/Feet Focus,"full-body low floor-level composition with her relaxed bare feet nearest the lens, neatly polished toes in sharp focus, and her face clearly visible farther back",Locations/Indoor,"in a quiet private library lined with dark carved shelves, leather reading chairs, brass lamps, and ladders reaching toward the ceiling",reconstructed,True,0.395168662071228,0.31849610805511475,0.4257960319519043,D:\Fooocus\Fooocus\outputs\2026-08-25\2026-08-25_19-20-39_6187.png,"1girl, in a quiet private library lined with dark carved shelves, leather reading chairs, brass lamps, and ladders reaching toward the ceiling, full-body low floor-level composition with her relaxed bare feet nearest the lens, neatly polished toes in sharp focus, and her face clearly visible farther back"
2026-08-25_19-20-46_7802.png,2026-08-25T19:20:46,juggernautXL_ragnarok,3883764233074922193,Shots/Feet Focus,"reclining sideways with one leg stretched toward the camera, using controlled wide-angle perspective so her bare foot and softly curled toes fill the foreground",Locations/Indoor,"in a private vintage train compartment with deep red velvet seats, polished wood paneling, brass fixtures, and blurred countryside beyond the window",reconstructed,True,0.6367248892784119,0.5131844282150269,0.6321043968200684,D:\Fooocus\Fooocus\outputs\2026-08-25\2026-08-25_19-20-46_7802.png,"1girl, in a private vintage train compartment with deep red velvet seats, polished wood paneling, brass fixtures, and blurred countryside beyond the window, reclining sideways with one leg stretched toward the camera, using controlled wide-angle perspective so her bare foot and softly curled toes fill the foreground"
2026-08-25_19-20-53_2616.png,2026-08-25T19:20:53,juggernautXL_ragnarok,3883764233074922194,Shots/Feet Focus,"reclining sideways with one leg stretched toward the camera, using controlled wide-angle perspective so her bare foot and softly curled toes fill the foreground",Locations/Indoor,"inside a luxurious vintage dressing room with an ornate full-length mirror, carved furniture, velvet seating, and warm flattering lamps",reconstructed,True,0.5405070781707764,0.4356352984905243,0.498625785112381,D:\Fooocus\Fooocus\outputs\2026-08-25\2026-08-25_19-20-53_2616.png,"1girl, inside a luxurious vintage dressing room with an ornate full-length mirror, carved furniture, velvet seating, and warm flattering lamps, reclining sideways with one leg stretched toward the camera, using controlled wide-angle perspective so her bare foot and softly curled toes fill the foreground"
2026-08-25_19-21-00_2270.png,2026-08-25T19:21:01,juggernautXL_ragnarok,3883764233074922195,Shots/Feet Focus,"close editorial detail of both feet inside ultra-sheer pantyhose, showing the fine fabric over polished toes while the rest of her pose falls into gentle bokeh",Locations/Indoor,"inside a spacious modern loft with exposed brick, tall industrial windows, polished concrete floors, and distant city architecture",reconstructed,True,0.7264649271965027,0.5855125784873962,0.6671814918518066,D:\Fooocus\Fooocus\outputs\2026-08-25\2026-08-25_19-21-00_2270.png,"1girl, inside a spacious modern loft with exposed brick, tall industrial windows, polished concrete floors, and distant city architecture, close editorial detail of both feet inside ultra-sheer pantyhose, showing the fine fabric over polished toes while the rest of her pose falls into gentle bokeh"
2026-08-25_19-21-07_1961.png,2026-08-25T19:21:08,juggernautXL_ragnarok,3883764233074922196,Shots/Feet Focus,"close editorial detail of both feet inside ultra-sheer pantyhose, showing the fine fabric over polished toes while the rest of her pose falls into gentle bokeh",Locations/Indoor,"in a private vintage train compartment with deep red velvet seats, polished wood paneling, brass fixtures, and blurred countryside beyond the window",reconstructed,True,0.7079122066497803,0.5705596208572388,0.6620875597000122,D:\Fooocus\Fooocus\outputs\2026-08-25\2026-08-25_19-21-07_1961.png,"1girl, in a private vintage train compartment with deep red velvet seats, polished wood paneling, brass fixtures, and blurred countryside beyond the window, close editorial detail of both feet inside ultra-sheer pantyhose, showing the fine fabric over polished toes while the rest of her pose falls into gentle bokeh"
2026-08-25_19-21-14_5699.png,2026-08-25T19:21:15,juggernautXL_ragnarok,3883764233074922197,Shots/Feet Focus,"lying on her stomach with ankles crossed and both feet kicked up behind her, bare soles facing the camera while she looks back with a teasing smile",Locations/Indoor,"inside an airy sunlit bedroom with rumpled white linen, gauzy curtains, pale wood floors, and soft morning light pouring through tall windows",reconstructed,True,0.7372441291809082,0.5942003726959229,0.677101731300354,D:\Fooocus\Fooocus\outputs\2026-08-25\2026-08-25_19-21-14_5699.png,"1girl, inside an airy sunlit bedroom with rumpled white linen, gauzy curtains, pale wood floors, and soft morning light pouring through tall windows, lying on her stomach with ankles crossed and both feet kicked up behind her, bare soles facing the camera while she looks back with a teasing smile"
2026-08-25_19-21-21_3004.png,2026-08-25T19:21:21,juggernautXL_ragnarok,3883764233074922198,Shots/Feet Focus,"lying on her stomach with ankles crossed and both feet kicked up behind her, bare soles facing the camera while she looks back with a teasing smile",Locations/Indoor,"inside an elegant marble bathroom with a freestanding tub, tall mirrors, scattered candles, folded white towels, and soft steam in the air",reconstructed,True,0.6911860704421997,0.5570786595344543,0.6696476340293884,D:\Fooocus\Fooocus\outputs\2026-08-25\2026-08-25_19-21-21_3004.png,"1girl, inside an elegant marble bathroom with a freestanding tub, tall mirrors, scattered candles, folded white towels, and soft steam in the air, lying on her stomach with ankles crossed and both feet kicked up behind her, bare soles facing the camera while she looks back with a teasing smile"
2026-08-25_19-21-28_7092.png,2026-08-25T19:21:28,juggernautXL_ragnarok,3883764233074922199,Shots/Feet Focus,"top-down fashion composition centered on her bare feet against a richly textured rug, ankles close together and toes naturally relaxed",Locations/Indoor,"inside a luxurious penthouse living room overlooking glittering city lights through floor-to-ceiling windows, with sculptural furniture and dark polished stone",reconstructed,True,0.6901729702949524,0.5562622547149658,0.6163421869277954,D:\Fooocus\Fooocus\outputs\2026-08-25\2026-08-25_19-21-28_7092.png,"1girl, inside a luxurious penthouse living room overlooking glittering city lights through floor-to-ceiling windows, with sculptural furniture and dark polished stone, top-down fashion composition centered on her bare feet against a richly textured rug, ankles close together and toes naturally relaxed"
2026-08-25_19-21-35_3782.png,2026-08-25T19:21:35,juggernautXL_ragnarok,3883764233074922200,Shots/Feet Focus,"top-down fashion composition centered on her bare feet against a richly textured rug, ankles close together and toes naturally relaxed",Locations/Indoor,"inside a luxurious penthouse living room overlooking glittering city lights through floor-to-ceiling windows, with sculptural furniture and dark polished stone",reconstructed,True,0.6824510097503662,0.5500385165214539,0.6253612637519836,D:\Fooocus\Fooocus\outputs\2026-08-25\2026-08-25_19-21-35_3782.png,"1girl, inside a luxurious penthouse living room overlooking glittering city lights through floor-to-ceiling windows, with sculptural furniture and dark polished stone, top-down fashion composition centered on her bare feet against a richly textured rug, ankles close together and toes naturally relaxed"
2026-08-25_19-21-42_6988.png,2026-08-25T19:21:42,juggernautXL_ragnarok,3883764233074922201,Shots/Feet Focus,"elegant side-profile close-up of one arched bare foot with pointed toes, clean ankle line, soft skin detail, and flattering diffused light",Locations/Indoor,"in a quiet private library lined with dark carved shelves, leather reading chairs, brass lamps, and ladders reaching toward the ceiling",reconstructed,True,0.6807288527488708,0.5486504435539246,0.6394233703613281,D:\Fooocus\Fooocus\outputs\2026-08-25\2026-08-25_19-21-42_6988.png,"1girl, in a quiet private library lined with dark carved shelves, leather reading chairs, brass lamps, and ladders reaching toward the ceiling, elegant side-profile close-up of one arched bare foot with pointed toes, clean ankle line, soft skin detail, and flattering diffused light"
2026-08-25_19-21-48_2619.png,2026-08-25T19:21:49,juggernautXL_ragnarok,3883764233074922202,Shots/Feet Focus,"elegant side-profile close-up of one arched bare foot with pointed toes, clean ankle line, soft skin detail, and flattering diffused light",Locations/Indoor,"inside an airy sunlit bedroom with rumpled white linen, gauzy curtains, pale wood floors, and soft morning light pouring through tall windows",reconstructed,False,0.16341333091259003,0.1317070871591568,0.16539756953716278,D:\Fooocus\Fooocus\outputs\2026-08-25\2026-08-25_19-21-48_2619.png,"1girl, inside an airy sunlit bedroom with rumpled white linen, gauzy curtains, pale wood floors, and soft morning light pouring through tall windows, elegant side-profile close-up of one arched bare foot with pointed toes, clean ankle line, soft skin detail, and flattering diffused light"
2026-08-25_19-21-55_1707.png,2026-08-25T19:21:56,juggernautXL_ragnarok,3883764233074922203,Shots/Feet Focus,"playful forced-perspective portrait with one bare foot reaching toward the camera, toes nearest the lens and her amused expression visible beyond it",Locations/Indoor,"inside a luxurious vintage dressing room with an ornate full-length mirror, carved furniture, velvet seating, and warm flattering lamps",reconstructed,True,0.6003093123435974,0.48383432626724243,0.5851154923439026,D:\Fooocus\Fooocus\outputs\2026-08-25\2026-08-25_19-21-55_1707.png,"1girl, inside a luxurious vintage dressing room with an ornate full-length mirror, carved furniture, velvet seating, and warm flattering lamps, playful forced-perspective portrait with one bare foot reaching toward the camera, toes nearest the lens and her amused expression visible beyond it"
2026-08-25_19-22-03_4420.png,2026-08-25T19:22:03,juggernautXL_ragnarok,3883764233074922204,Shots/Feet Focus,"playful forced-perspective portrait with one bare foot reaching toward the camera, toes nearest the lens and her amused expression visible beyond it",Locations/Indoor,"in a sophisticated hotel suite with a velvet lounge chair, warm walnut furniture, cream bedding, and discreet golden bedside lamps",reconstructed,True,0.6303483247756958,0.5080450773239136,0.6234310865402222,D:\Fooocus\Fooocus\outputs\2026-08-25\2026-08-25_19-22-03_4420.png,"1girl, in a sophisticated hotel suite with a velvet lounge chair, warm walnut furniture, cream bedding, and discreet golden bedside lamps, playful forced-perspective portrait with one bare foot reaching toward the camera, toes nearest the lens and her amused expression visible beyond it"
2026-08-25_19-22-10_2056.png,2026-08-25T19:22:10,juggernautXL_ragnarok,3883764233074922205,Shots/Feet Focus,"close beauty shot of both stockinged feet resting together on velvet, capturing sheer fabric texture, delicate toe shapes, and a subtle polished sheen",Locations/Indoor,"inside a luxurious vintage dressing room with an ornate full-length mirror, carved furniture, velvet seating, and warm flattering lamps",reconstructed,True,0.6831265687942505,0.550583004951477,0.6696919202804565,D:\Fooocus\Fooocus\outputs\2026-08-25\2026-08-25_19-22-10_2056.png,"1girl, inside a luxurious vintage dressing room with an ornate full-length mirror, carved furniture, velvet seating, and warm flattering lamps, close beauty shot of both stockinged feet resting together on velvet, capturing sheer fabric texture, delicate toe shapes, and a subtle polished sheen"
2026-08-25_19-22-17_7989.png,2026-08-25T19:22:17,juggernautXL_ragnarok,3883764233074922206,Shots/Feet Focus,"close beauty shot of both stockinged feet resting together on velvet, capturing sheer fabric texture, delicate toe shapes, and a subtle polished sheen",Locations/Indoor,"inside a minimal professional photography studio with a seamless warm-gray backdrop, clean polished floor, and carefully arranged equipment out of frame",reconstructed,True,0.704921543598175,0.568149209022522,0.6836328506469727,D:\Fooocus\Fooocus\outputs\2026-08-25\2026-08-25_19-22-17_7989.png,"1girl, inside a minimal professional photography studio with a seamless warm-gray backdrop, clean polished floor, and carefully arranged equipment out of frame, close beauty shot of both stockinged feet resting together on velvet, capturing sheer fabric texture, delicate toe shapes, and a subtle polished sheen"
2026-08-25_19-22-24_7751.png,2026-08-25T19:22:24,juggernautXL_ragnarok,3883764233074922207,Shots/Feet Focus,"cinematic floor-level photograph timed during a slow barefoot step, with one lifted heel, natural toe movement, and the full figure balanced in the background",Locations/Indoor,"inside a minimal professional photography studio with a seamless warm-gray backdrop, clean polished floor, and carefully arranged equipment out of frame",reconstructed,True,0.6521081924438477,0.5255829691886902,0.6363227367401123,D:\Fooocus\Fooocus\outputs\2026-08-25\2026-08-25_19-22-24_7751.png,"1girl, inside a minimal professional photography studio with a seamless warm-gray backdrop, clean polished floor, and carefully arranged equipment out of frame, cinematic floor-level photograph timed during a slow barefoot step, with one lifted heel, natural toe movement, and the full figure balanced in the background"
2026-08-25_19-22-31_6544.png,2026-08-25T19:22:31,juggernautXL_ragnarok,3883764233074922208,Shots/Feet Focus,"cinematic floor-level photograph timed during a slow barefoot step, with one lifted heel, natural toe movement, and the full figure balanced in the background",Locations/Indoor,"inside a minimal professional photography studio with a seamless warm-gray backdrop, clean polished floor, and carefully arranged equipment out of frame",reconstructed,True,0.736336350440979,0.5934687852859497,0.6887847781181335,D:\Fooocus\Fooocus\outputs\2026-08-25\2026-08-25_19-22-31_6544.png,"1girl, inside a minimal professional photography studio with a seamless warm-gray backdrop, clean polished floor, and carefully arranged equipment out of frame, cinematic floor-level photograph timed during a slow barefoot step, with one lifted heel, natural toe movement, and the full figure balanced in the background"
2026-08-25_19-22-37_7011.png,2026-08-25T19:22:38,juggernautXL_ragnarok,3883764233074922209,Shots/Feet Focus,"intimate macro detail of polished toes curling gently against rumpled white linen, with shallow depth of field and soft warm highlights",Locations/Indoor,"inside a luxurious penthouse living room overlooking glittering city lights through floor-to-ceiling windows, with sculptural furniture and dark polished stone",reconstructed,True,0.7722785472869873,0.6224371194839478,0.7001892924308777,D:\Fooocus\Fooocus\outputs\2026-08-25\2026-08-25_19-22-37_7011.png,"1girl, inside a luxurious penthouse living room overlooking glittering city lights through floor-to-ceiling windows, with sculptural furniture and dark polished stone, intimate macro detail of polished toes curling gently against rumpled white linen, with shallow depth of field and soft warm highlights"
2026-08-25_19-22-44_1378.png,2026-08-25T19:22:45,juggernautXL_ragnarok,3883764233074922210,Shots/Feet Focus,"intimate macro detail of polished toes curling gently against rumpled white linen, with shallow depth of field and soft warm highlights",Locations/Indoor,"inside a spacious modern loft with exposed brick, tall industrial windows, polished concrete floors, and distant city architecture",reconstructed,True,0.7680157423019409,0.619001567363739,0.6966232657432556,D:\Fooocus\Fooocus\outputs\2026-08-25\2026-08-25_19-22-44_1378.png,"1girl, inside a spacious modern loft with exposed brick, tall industrial windows, polished concrete floors, and distant city architecture, intimate macro detail of polished toes curling gently against rumpled white linen, with shallow depth of field and soft warm highlights"
2026-08-25_19-22-52_7461.png,2026-08-25T19:22:52,juggernautXL_ragnarok,3883764233074922211,Shots/Feet Focus,"symmetrical reclining composition with both bare soles nearest the lens, legs extending away from the camera, and her upper body centered in the distance",Locations/Indoor,"in a sophisticated hotel suite with a velvet lounge chair, warm walnut furniture, cream bedding, and discreet golden bedside lamps",reconstructed,True,0.6942058205604553,0.5595126748085022,0.6935058832168579,D:\Fooocus\Fooocus\outputs\2026-08-25\2026-08-25_19-22-52_7461.png,"1girl, in a sophisticated hotel suite with a velvet lounge chair, warm walnut furniture, cream bedding, and discreet golden bedside lamps, symmetrical reclining composition with both bare soles nearest the lens, legs extending away from the camera, and her upper body centered in the distance"
2026-08-25_19-22-59_7211.png,2026-08-25T19:22:59,juggernautXL_ragnarok,3883764233074922212,Shots/Feet Focus,"symmetrical reclining composition with both bare soles nearest the lens, legs extending away from the camera, and her upper body centered in the distance",Locations/Indoor,"inside an airy sunlit bedroom with rumpled white linen, gauzy curtains, pale wood floors, and soft morning light pouring through tall windows",reconstructed,True,0.7455567121505737,0.6009001135826111,0.7100171446800232,D:\Fooocus\Fooocus\outputs\2026-08-25\2026-08-25_19-22-59_7211.png,"1girl, inside an airy sunlit bedroom with rumpled white linen, gauzy curtains, pale wood floors, and soft morning light pouring through tall windows, symmetrical reclining composition with both bare soles nearest the lens, legs extending away from the camera, and her upper body centered in the distance"
2026-08-25_19-23-06_2055.png,2026-08-25T19:23:06,juggernautXL_ragnarok,3883764233074922213,Shots/Feet Focus,"warm backlit full-body silhouette emphasizing elegant feet and ankles as she rises onto tiptoe, with a crisp rim of golden light around her figure",Locations/Indoor,"inside a luxurious penthouse living room overlooking glittering city lights through floor-to-ceiling windows, with sculptural furniture and dark polished stone",reconstructed,True,0.6062374114990234,0.4886122941970825,0.5480450391769409,D:\Fooocus\Fooocus\outputs\2026-08-25\2026-08-25_19-23-06_2055.png,"1girl, inside a luxurious penthouse living room overlooking glittering city lights through floor-to-ceiling windows, with sculptural furniture and dark polished stone, warm backlit full-body silhouette emphasizing elegant feet and ankles as she rises onto tiptoe, with a crisp rim of golden light around her figure"
2026-08-25_19-23-13_9430.png,2026-08-25T19:23:13,juggernautXL_ragnarok,3883764233074922214,Shots/Feet Focus,"warm backlit full-body silhouette emphasizing elegant feet and ankles as she rises onto tiptoe, with a crisp rim of golden light around her figure",Locations/Indoor,"inside an airy sunlit bedroom with rumpled white linen, gauzy curtains, pale wood floors, and soft morning light pouring through tall windows",reconstructed,True,0.5898439288139343,0.4753994345664978,0.5351893305778503,D:\Fooocus\Fooocus\outputs\2026-08-25\2026-08-25_19-23-13_9430.png,"1girl, inside an airy sunlit bedroom with rumpled white linen, gauzy curtains, pale wood floors, and soft morning light pouring through tall windows, warm backlit full-body silhouette emphasizing elegant feet and ankles as she rises onto tiptoe, with a crisp rim of golden light around her figure"
2026-08-25_19-23-48_6312.png,2026-08-25T19:23:49,lustifyNSFWCheckpoint_zenithV9,3883764233074922191,Shots/Feet Focus,"full-body low floor-level composition with her relaxed bare feet nearest the lens, neatly polished toes in sharp focus, and her face clearly visible farther back",Locations/Indoor,"in a sophisticated hotel suite with a velvet lounge chair, warm walnut furniture, cream bedding, and discreet golden bedside lamps",reconstructed,True,0.6040017604827881,0.4868104159832001,0.5750396251678467,D:\Fooocus\Fooocus\outputs\2026-08-25\2026-08-25_19-23-48_6312.png,"1girl, in a sophisticated hotel suite with a velvet lounge chair, warm walnut furniture, cream bedding, and discreet golden bedside lamps, full-body low floor-level composition with her relaxed bare feet nearest the lens, neatly polished toes in sharp focus, and her face clearly visible farther back"
2026-08-25_19-23-55_6187.png,2026-08-25T19:23:56,lustifyNSFWCheckpoint_zenithV9,3883764233074922192,Shots/Feet Focus,"full-body low floor-level composition with her relaxed bare feet nearest the lens, neatly polished toes in sharp focus, and her face clearly visible farther back",Locations/Indoor,"in a quiet private library lined with dark carved shelves, leather reading chairs, brass lamps, and ladders reaching toward the ceiling",reconstructed,True,0.4875793755054474,0.392976850271225,0.4855218529701233,D:\Fooocus\Fooocus\outputs\2026-08-25\2026-08-25_19-23-55_6187.png,"1girl, in a quiet private library lined with dark carved shelves, leather reading chairs, brass lamps, and ladders reaching toward the ceiling, full-body low floor-level composition with her relaxed bare feet nearest the lens, neatly polished toes in sharp focus, and her face clearly visible farther back"
2026-08-25_19-24-02_7802.png,2026-08-25T19:24:03,lustifyNSFWCheckpoint_zenithV9,3883764233074922193,Shots/Feet Focus,"reclining sideways with one leg stretched toward the camera, using controlled wide-angle perspective so her bare foot and softly curled toes fill the foreground",Locations/Indoor,"in a private vintage train compartment with deep red velvet seats, polished wood paneling, brass fixtures, and blurred countryside beyond the window",reconstructed,True,0.3792608976364136,0.30567482113838196,0.3587554097175598,D:\Fooocus\Fooocus\outputs\2026-08-25\2026-08-25_19-24-02_7802.png,"1girl, in a private vintage train compartment with deep red velvet seats, polished wood paneling, brass fixtures, and blurred countryside beyond the window, reclining sideways with one leg stretched toward the camera, using controlled wide-angle perspective so her bare foot and softly curled toes fill the foreground"
2026-08-25_19-24-09_2616.png,2026-08-25T19:24:10,lustifyNSFWCheckpoint_zenithV9,3883764233074922194,Shots/Feet Focus,"reclining sideways with one leg stretched toward the camera, using controlled wide-angle perspective so her bare foot and softly curled toes fill the foreground",Locations/Indoor,"inside a luxurious vintage dressing room with an ornate full-length mirror, carved furniture, velvet seating, and warm flattering lamps",reconstructed,True,0.582364559173584,0.46937131881713867,0.5959913730621338,D:\Fooocus\Fooocus\outputs\2026-08-25\2026-08-25_19-24-09_2616.png,"1girl, inside a luxurious vintage dressing room with an ornate full-length mirror, carved furniture, velvet seating, and warm flattering lamps, reclining sideways with one leg stretched toward the camera, using controlled wide-angle perspective so her bare foot and softly curled toes fill the foreground"
2026-08-25_19-24-16_2270.png,2026-08-25T19:24:17,lustifyNSFWCheckpoint_zenithV9,3883764233074922195,Shots/Feet Focus,"close editorial detail of both feet inside ultra-sheer pantyhose, showing the fine fabric over polished toes while the rest of her pose falls into gentle bokeh",Locations/Indoor,"inside a spacious modern loft with exposed brick, tall industrial windows, polished concrete floors, and distant city architecture",reconstructed,True,0.5686528086662292,0.4583200216293335,0.5891646146774292,D:\Fooocus\Fooocus\outputs\2026-08-25\2026-08-25_19-24-16_2270.png,"1girl, inside a spacious modern loft with exposed brick, tall industrial windows, polished concrete floors, and distant city architecture, close editorial detail of both feet inside ultra-sheer pantyhose, showing the fine fabric over polished toes while the rest of her pose falls into gentle bokeh"
2026-08-25_19-24-24_1961.png,2026-08-25T19:24:24,lustifyNSFWCheckpoint_zenithV9,3883764233074922196,Shots/Feet Focus,"close editorial detail of both feet inside ultra-sheer pantyhose, showing the fine fabric over polished toes while the rest of her pose falls into gentle bokeh",Locations/Indoor,"in a private vintage train compartment with deep red velvet seats, polished wood paneling, brass fixtures, and blurred countryside beyond the window",reconstructed,True,0.5978168845176697,0.48182550072669983,0.5641394853591919,D:\Fooocus\Fooocus\outputs\2026-08-25\2026-08-25_19-24-24_1961.png,"1girl, in a private vintage train compartment with deep red velvet seats, polished wood paneling, brass fixtures, and blurred countryside beyond the window, close editorial detail of both feet inside ultra-sheer pantyhose, showing the fine fabric over polished toes while the rest of her pose falls into gentle bokeh"
2026-08-25_19-24-30_5699.png,2026-08-25T19:24:31,lustifyNSFWCheckpoint_zenithV9,3883764233074922197,Shots/Feet Focus,"lying on her stomach with ankles crossed and both feet kicked up behind her, bare soles facing the camera while she looks back with a teasing smile",Locations/Indoor,"inside an airy sunlit bedroom with rumpled white linen, gauzy curtains, pale wood floors, and soft morning light pouring through tall windows",reconstructed,True,0.3954886794090271,0.31875401735305786,0.4065266251564026,D:\Fooocus\Fooocus\outputs\2026-08-25\2026-08-25_19-24-30_5699.png,"1girl, inside an airy sunlit bedroom with rumpled white linen, gauzy curtains, pale wood floors, and soft morning light pouring through tall windows, lying on her stomach with ankles crossed and both feet kicked up behind her, bare soles facing the camera while she looks back with a teasing smile"
2026-08-25_19-24-37_3004.png,2026-08-25T19:24:38,lustifyNSFWCheckpoint_zenithV9,3883764233074922198,Shots/Feet Focus,"lying on her stomach with ankles crossed and both feet kicked up behind her, bare soles facing the camera while she looks back with a teasing smile",Locations/Indoor,"inside an elegant marble bathroom with a freestanding tub, tall mirrors, scattered candles, folded white towels, and soft steam in the air",reconstructed,True,0.5898647904396057,0.4754163920879364,0.5465372800827026,D:\Fooocus\Fooocus\outputs\2026-08-25\2026-08-25_19-24-37_3004.png,"1girl, inside an elegant marble bathroom with a freestanding tub, tall mirrors, scattered candles, folded white towels, and soft steam in the air, lying on her stomach with ankles crossed and both feet kicked up behind her, bare soles facing the camera while she looks back with a teasing smile"
2026-08-25_19-24-44_7092.png,2026-08-25T19:24:45,lustifyNSFWCheckpoint_zenithV9,3883764233074922199,Shots/Feet Focus,"top-down fashion composition centered on her bare feet against a richly textured rug, ankles close together and toes naturally relaxed",Locations/Indoor,"inside a luxurious penthouse living room overlooking glittering city lights through floor-to-ceiling windows, with sculptural furniture and dark polished stone",reconstructed,True,0.6192766427993774,0.4991215169429779,0.5800865292549133,D:\Fooocus\Fooocus\outputs\2026-08-25\2026-08-25_19-24-44_7092.png,"1girl, inside a luxurious penthouse living room overlooking glittering city lights through floor-to-ceiling windows, with sculptural furniture and dark polished stone, top-down fashion composition centered on her bare feet against a richly textured rug, ankles close together and toes naturally relaxed"
2026-08-25_19-24-51_3782.png,2026-08-25T19:24:52,lustifyNSFWCheckpoint_zenithV9,3883764233074922200,Shots/Feet Focus,"top-down fashion composition centered on her bare feet against a richly textured rug, ankles close together and toes naturally relaxed",Locations/Indoor,"inside a luxurious penthouse living room overlooking glittering city lights through floor-to-ceiling windows, with sculptural furniture and dark polished stone",reconstructed,True,0.539232611656189,0.4346080422401428,0.5445510149002075,D:\Fooocus\Fooocus\outputs\2026-08-25\2026-08-25_19-24-51_3782.png,"1girl, inside a luxurious penthouse living room overlooking glittering city lights through floor-to-ceiling windows, with sculptural furniture and dark polished stone, top-down fashion composition centered on her bare feet against a richly textured rug, ankles close together and toes naturally relaxed"
2026-08-25_19-24-58_6988.png,2026-08-25T19:24:59,lustifyNSFWCheckpoint_zenithV9,3883764233074922201,Shots/Feet Focus,"elegant side-profile close-up of one arched bare foot with pointed toes, clean ankle line, soft skin detail, and flattering diffused light",Locations/Indoor,"in a quiet private library lined with dark carved shelves, leather reading chairs, brass lamps, and ladders reaching toward the ceiling",reconstructed,True,0.3886944651603699,0.31327804923057556,0.36780062317848206,D:\Fooocus\Fooocus\outputs\2026-08-25\2026-08-25_19-24-58_6988.png,"1girl, in a quiet private library lined with dark carved shelves, leather reading chairs, brass lamps, and ladders reaching toward the ceiling, elegant side-profile close-up of one arched bare foot with pointed toes, clean ankle line, soft skin detail, and flattering diffused light"
2026-08-25_19-25-05_2619.png,2026-08-25T19:25:06,lustifyNSFWCheckpoint_zenithV9,3883764233074922202,Shots/Feet Focus,"elegant side-profile close-up of one arched bare foot with pointed toes, clean ankle line, soft skin detail, and flattering diffused light",Locations/Indoor,"inside an airy sunlit bedroom with rumpled white linen, gauzy curtains, pale wood floors, and soft morning light pouring through tall windows",reconstructed,True,0.21271046996116638,0.17143934965133667,0.2542034089565277,D:\Fooocus\Fooocus\outputs\2026-08-25\2026-08-25_19-25-05_2619.png,"1girl, inside an airy sunlit bedroom with rumpled white linen, gauzy curtains, pale wood floors, and soft morning light pouring through tall windows, elegant side-profile close-up of one arched bare foot with pointed toes, clean ankle line, soft skin detail, and flattering diffused light"
2026-08-25_19-25-12_1707.png,2026-08-25T19:25:13,lustifyNSFWCheckpoint_zenithV9,3883764233074922203,Shots/Feet Focus,"playful forced-perspective portrait with one bare foot reaching toward the camera, toes nearest the lens and her amused expression visible beyond it",Locations/Indoor,"inside a luxurious vintage dressing room with an ornate full-length mirror, carved furniture, velvet seating, and warm flattering lamps",reconstructed,True,0.5307939648628235,0.4278067350387573,0.5001088380813599,D:\Fooocus\Fooocus\outputs\2026-08-25\2026-08-25_19-25-12_1707.png,"1girl, inside a luxurious vintage dressing room with an ornate full-length mirror, carved furniture, velvet seating, and warm flattering lamps, playful forced-perspective portrait with one bare foot reaching toward the camera, toes nearest the lens and her amused expression visible beyond it"
2026-08-25_19-25-19_4420.png,2026-08-25T19:25:20,lustifyNSFWCheckpoint_zenithV9,3883764233074922204,Shots/Feet Focus,"playful forced-perspective portrait with one bare foot reaching toward the camera, toes nearest the lens and her amused expression visible beyond it",Locations/Indoor,"in a sophisticated hotel suite with a velvet lounge chair, warm walnut furniture, cream bedding, and discreet golden bedside lamps",reconstructed,True,0.4139760732650757,0.33365434408187866,0.3996463716030121,D:\Fooocus\Fooocus\outputs\2026-08-25\2026-08-25_19-25-19_4420.png,"1girl, in a sophisticated hotel suite with a velvet lounge chair, warm walnut furniture, cream bedding, and discreet golden bedside lamps, playful forced-perspective portrait with one bare foot reaching toward the camera, toes nearest the lens and her amused expression visible beyond it"
2026-08-25_19-25-26_2056.png,2026-08-25T19:25:27,lustifyNSFWCheckpoint_zenithV9,3883764233074922205,Shots/Feet Focus,"close beauty shot of both stockinged feet resting together on velvet, capturing sheer fabric texture, delicate toe shapes, and a subtle polished sheen",Locations/Indoor,"inside a luxurious vintage dressing room with an ornate full-length mirror, carved furniture, velvet seating, and warm flattering lamps",reconstructed,True,0.5726369619369507,0.4615311026573181,0.5885079503059387,D:\Fooocus\Fooocus\outputs\2026-08-25\2026-08-25_19-25-26_2056.png,"1girl, inside a luxurious vintage dressing room with an ornate full-length mirror, carved furniture, velvet seating, and warm flattering lamps, close beauty shot of both stockinged feet resting together on velvet, capturing sheer fabric texture, delicate toe shapes, and a subtle polished sheen"
2026-08-25_19-25-33_7989.png,2026-08-25T19:25:34,lustifyNSFWCheckpoint_zenithV9,3883764233074922206,Shots/Feet Focus,"close beauty shot of both stockinged feet resting together on velvet, capturing sheer fabric texture, delicate toe shapes, and a subtle polished sheen",Locations/Indoor,"inside a minimal professional photography studio with a seamless warm-gray backdrop, clean polished floor, and carefully arranged equipment out of frame",reconstructed,True,0.6151379346847534,0.4957858622074127,0.5730050802230835,D:\Fooocus\Fooocus\outputs\2026-08-25\2026-08-25_19-25-33_7989.png,"1girl, inside a minimal professional photography studio with a seamless warm-gray backdrop, clean polished floor, and carefully arranged equipment out of frame, close beauty shot of both stockinged feet resting together on velvet, capturing sheer fabric texture, delicate toe shapes, and a subtle polished sheen"
2026-08-25_19-25-40_7751.png,2026-08-25T19:25:40,lustifyNSFWCheckpoint_zenithV9,3883764233074922207,Shots/Feet Focus,"cinematic floor-level photograph timed during a slow barefoot step, with one lifted heel, natural toe movement, and the full figure balanced in the background",Locations/Indoor,"inside a minimal professional photography studio with a seamless warm-gray backdrop, clean polished floor, and carefully arranged equipment out of frame",reconstructed,True,0.4885437488555908,0.39375412464141846,0.45980897545814514,D:\Fooocus\Fooocus\outputs\2026-08-25\2026-08-25_19-25-40_7751.png,"1girl, inside a minimal professional photography studio with a seamless warm-gray backdrop, clean polished floor, and carefully arranged equipment out of frame, cinematic floor-level photograph timed during a slow barefoot step, with one lifted heel, natural toe movement, and the full figure balanced in the background"
2026-08-25_19-25-47_6544.png,2026-08-25T19:25:47,lustifyNSFWCheckpoint_zenithV9,3883764233074922208,Shots/Feet Focus,"cinematic floor-level photograph timed during a slow barefoot step, with one lifted heel, natural toe movement, and the full figure balanced in the background",Locations/Indoor,"inside a minimal professional photography studio with a seamless warm-gray backdrop, clean polished floor, and carefully arranged equipment out of frame",reconstructed,True,0.516673743724823,0.4164261817932129,0.5238679647445679,D:\Fooocus\Fooocus\outputs\2026-08-25\2026-08-25_19-25-47_6544.png,"1girl, inside a minimal professional photography studio with a seamless warm-gray backdrop, clean polished floor, and carefully arranged equipment out of frame, cinematic floor-level photograph timed during a slow barefoot step, with one lifted heel, natural toe movement, and the full figure balanced in the background"
2026-08-25_19-25-54_7011.png,2026-08-25T19:25:54,lustifyNSFWCheckpoint_zenithV9,3883764233074922209,Shots/Feet Focus,"intimate macro detail of polished toes curling gently against rumpled white linen, with shallow depth of field and soft warm highlights",Locations/Indoor,"inside a luxurious penthouse living room overlooking glittering city lights through floor-to-ceiling windows, with sculptural furniture and dark polished stone",reconstructed,True,0.6373789310455322,0.5137115120887756,0.6131541728973389,D:\Fooocus\Fooocus\outputs\2026-08-25\2026-08-25_19-25-54_7011.png,"1girl, inside a luxurious penthouse living room overlooking glittering city lights through floor-to-ceiling windows, with sculptural furniture and dark polished stone, intimate macro detail of polished toes curling gently against rumpled white linen, with shallow depth of field and soft warm highlights"
2026-08-25_19-26-01_1378.png,2026-08-25T19:26:01,lustifyNSFWCheckpoint_zenithV9,3883764233074922210,Shots/Feet Focus,"intimate macro detail of polished toes curling gently against rumpled white linen, with shallow depth of field and soft warm highlights",Locations/Indoor,"inside a spacious modern loft with exposed brick, tall industrial windows, polished concrete floors, and distant city architecture",reconstructed,True,0.6628787517547607,0.5342637300491333,0.6019835472106934,D:\Fooocus\Fooocus\outputs\2026-08-25\2026-08-25_19-26-01_1378.png,"1girl, inside a spacious modern loft with exposed brick, tall industrial windows, polished concrete floors, and distant city architecture, intimate macro detail of polished toes curling gently against rumpled white linen, with shallow depth of field and soft warm highlights"
2026-08-25_19-26-08_7461.png,2026-08-25T19:26:08,lustifyNSFWCheckpoint_zenithV9,3883764233074922211,Shots/Feet Focus,"symmetrical reclining composition with both bare soles nearest the lens, legs extending away from the camera, and her upper body centered in the distance",Locations/Indoor,"in a sophisticated hotel suite with a velvet lounge chair, warm walnut furniture, cream bedding, and discreet golden bedside lamps",reconstructed,True,0.4346660375595093,0.3503299951553345,0.42511534690856934,D:\Fooocus\Fooocus\outputs\2026-08-25\2026-08-25_19-26-08_7461.png,"1girl, in a sophisticated hotel suite with a velvet lounge chair, warm walnut furniture, cream bedding, and discreet golden bedside lamps, symmetrical reclining composition with both bare soles nearest the lens, legs extending away from the camera, and her upper body centered in the distance"
2026-08-25_19-26-15_7211.png,2026-08-25T19:26:16,lustifyNSFWCheckpoint_zenithV9,3883764233074922212,Shots/Feet Focus,"symmetrical reclining composition with both bare soles nearest the lens, legs extending away from the camera, and her upper body centered in the distance",Locations/Indoor,"inside an airy sunlit bedroom with rumpled white linen, gauzy curtains, pale wood floors, and soft morning light pouring through tall windows",reconstructed,True,0.5472173094749451,0.44104355573654175,0.5502822995185852,D:\Fooocus\Fooocus\outputs\2026-08-25\2026-08-25_19-26-15_7211.png,"1girl, inside an airy sunlit bedroom with rumpled white linen, gauzy curtains, pale wood floors, and soft morning light pouring through tall windows, symmetrical reclining composition with both bare soles nearest the lens, legs extending away from the camera, and her upper body centered in the distance"
2026-08-25_19-26-22_2055.png,2026-08-25T19:26:22,lustifyNSFWCheckpoint_zenithV9,3883764233074922213,Shots/Feet Focus,"warm backlit full-body silhouette emphasizing elegant feet and ankles as she rises onto tiptoe, with a crisp rim of golden light around her figure",Locations/Indoor,"inside a luxurious penthouse living room overlooking glittering city lights through floor-to-ceiling windows, with sculptural furniture and dark polished stone",reconstructed,True,0.4885794520378113,0.3937828540802002,0.4571682810783386,D:\Fooocus\Fooocus\outputs\2026-08-25\2026-08-25_19-26-22_2055.png,"1girl, inside a luxurious penthouse living room overlooking glittering city lights through floor-to-ceiling windows, with sculptural furniture and dark polished stone, warm backlit full-body silhouette emphasizing elegant feet and ankles as she rises onto tiptoe, with a crisp rim of golden light around her figure"
2026-08-25_19-26-29_9430.png,2026-08-25T19:26:29,lustifyNSFWCheckpoint_zenithV9,3883764233074922214,Shots/Feet Focus,"warm backlit full-body silhouette emphasizing elegant feet and ankles as she rises onto tiptoe, with a crisp rim of golden light around her figure",Locations/Indoor,"inside an airy sunlit bedroom with rumpled white linen, gauzy curtains, pale wood floors, and soft morning light pouring through tall windows",reconstructed,True,0.3379836976528168,0.2724064588546753,0.32726454734802246,D:\Fooocus\Fooocus\outputs\2026-08-25\2026-08-25_19-26-29_9430.png,"1girl, inside an airy sunlit bedroom with rumpled white linen, gauzy curtains, pale wood floors, and soft morning light pouring through tall windows, warm backlit full-body silhouette emphasizing elegant feet and ankles as she rises onto tiptoe, with a crisp rim of golden light around her figure"
